deezerFans,id,name,locationInfo,genres,labels,type,lifeSpan.ended,lifeSpan.begin,lifeSpan.end,gender,testDate,testYear
10670561,56d828be53a7ddfc01f945ee,Eminem,"United States, Michigan, Detroit",Hip Hop,"Aftermath Entertainment, Interscope Records, Shady Records",Person,FALSE,1972-10-17,unknown,Male,1972,10670561
9288697,56d8239053a7ddfc01f93eef,Drake,"Canada, Ontario, Toronto","Hip Hop, R&B","Cash Money Records, Universal Motown, Young Money Entertainment",Person,FALSE,1986-10-24,unknown,Male,1986,9288697
8100945,56d8025b53a7ddfc01f90fa0,Beyoncé,"United States, Texas, Houston","R&B, Soul, Pop",Columbia,Person,FALSE,1981-09-04,unknown,Female,1981,8100945
7850367,56d8258553a7ddfc01f941f7,Ed Sheeran,"England, West Yorkshire, Halifax","Acoustic, Folk, Grime, Hip Hop","Asylum Records, Atlantic Records, Elektra",Person,FALSE,1991-02-17,unknown,Male,1991,7850367
6265949,56d8097c53a7ddfc01f919db,Bruno Mars,"United States, Hawaii, Waikiki","Pop, R&B","Atlantic Records, Elektra",Person,FALSE,1985-10-08,unknown,Male,1985,6265949
4368818,56d7faaa53a7ddfc01f9043a,Ariana Grande,"United States, Florida, Boca Raton","Pop, R&B",Republic Records,Person,FALSE,1993-06-26,unknown,Female,1993,4368818
3047104,56d8235a53a7ddfc01f93eae,Dr. Dre,"United States, California, Compton","Hip Hop, R&B","Priority Records, Death Row Records, Aftermath Entertainment, Interscope Records",Person,FALSE,1965-02-18,unknown,Male,1965,3047104
2468178,56d7f67053a7ddfc01f8fda7,Amy Winehouse,"England, London, Southgate","R&B, Soul, Jazz, Pop","Island Records, Republic Records, Universal Republic",Person,TRUE,1983-09-14,2011-07-23,Female,1983,2468178
2395469,56d8119953a7ddfc01f9252e,Christina Aguilera,"United States, Pennsylvania, Pittsburgh","Dance-Pop, Jazz, Pop, R&B, Teen Pop",RCA Records,Person,FALSE,1980-12-18,unknown,Female,1980,2395469
1031038,56d7faa353a7ddfc01f90428,Aretha Franklin,"United States, Tennessee, Memphis","Soul, R&B, Jazz, Blues, Gospel","Arista, Columbia, Atlantic Records, EMI",Person,FALSE,1942-03-25,unknown,Female,1942,1031038
907769,56d8205853a7ddfc01f93a0a,Diplo,"United States, Mississippi, Tupelo","Hip Hop, Dancehall","Big Dada Recordings, Mad Decent",Person,FALSE,1978-11-10,unknown,Male,1978,907769
867849,56d7e9cc6b60c09814f93f74,A$AP Rocky,"United States, New York, New York City",Hip Hop,"Sony Music Entertainment, RCA Records",Person,FALSE,1988-10-03,unknown,Male,1988,867849
839076,56d7fe3253a7ddfc01f9097c,B.B. King,"United States, Mississippi, Itta Bena","R&B, Blues, Memphis Blues, Blues Rock","Geffen Records, Interscope Records, Universal Records, RPM Records, Crown Records, ABC Records, MCA Records, Reprise Records, Warner Bros. Records, Virgin Records, EMI",Person,TRUE,1925-09-16,2015-05-14,Male,1925,839076
809764,56d802eb53a7ddfc01f91078,Big Time Rush,"United States, California, Los Angeles","Pop, R&B, Dance, Electronic Rock","Columbia, Nick Records",Group,FALSE,2009-08-01,unknown,unknown,2009,809764
701948,56d821a353a7ddfc01f93c4f,DMX,"United States, New York, Yonkers",Hip Hop,NA,Person,FALSE,1970-12-18,unknown,Male,1970,701948
563150,56d8200053a7ddfc01f939b3,Dillon Francis,"United States, California, Los Angeles","Electro House, Trap, Dubstep, Progressive House","Mad Decent, OWSLA",Person,FALSE,1987-10-05,unknown,Male,1987,563150
533054,56d80a8853a7ddfc01f91b58,Bushido,"Germany, North Rhine-Westphalia, Bonn",Hip Hop,NA,Person,FALSE,1978-09-28,unknown,Male,1978,533054
483984,56d81f3c53a7ddfc01f93890,Diana Ross,"United States, Michigan, Detroit","R&B, Soul, Pop, Disco, Jazz","Motown, RCA Records, EMI",Person,FALSE,1944-03-26,unknown,Female,1944,483984
452843,56d8229053a7ddfc01f93d9e,Donna Summer,"United States, Massachusetts, Boston","Pop, Funk, Soul, R&B, Disco","Epic Records, Casablanca Records, PolyGram",Person,TRUE,1948-12-31,2012-05-17,Female,1948,452843
445363,56d7ffd953a7ddfc01f90bff,Barry White,"United States, Texas, Galveston","R&B, Soul","20th Century Records, A&M Records",Person,TRUE,1944-09-12,2003-07-04,Male,1944,445363
437624,56d8284d53a7ddfc01f9455f,Elza Soares,"Brazil, Rio de Janeiro, Rio de Janeiro","Singer-Songwriter, Brazilian, MPB, Samba, Bossa Nova, Sambalanço, Hip Hop","Dubas, Odeon, Universal Music Group",Person,FALSE,1937-06-23,unknown,Female,1937,437624
413844,56d8286353a7ddfc01f94592,Emeli Sandé,"England, London","Soul, R&B, Pop",Virgin Records,Person,FALSE,1987-03-10,unknown,Female,1987,413844
372643,56d82b1253a7ddfc01f9494f,Eurythmics,"England, London","Rock, Synthpop, R&B, New Wave","RCA Records, Virgin Records, Arista",Group,FALSE,1980,unknown,unknown,1980,372643
370335,56d8127a53a7ddfc01f925c6,Chuck Berry,"United States, Missouri, Overland","Rock, R&B, Rock 'N' Roll","Chess Records, Mercury Records, Atco Records",Person,FALSE,1926-10-18,unknown,Male,1926,370335
315815,56d81f6353a7ddfc01f938d5,Diddy,"United States, New York, New York City","Hip Hop, Pop, R&B","Arista, Epic Records",Person,FALSE,1969-11-04,unknown,Male,1969,315815
310060,56d8005553a7ddfc01f90cc3,Beastie Boys,"United States, New York, New York City","Hip Hop, Alternative Hip Hop, Punk Rock, Rapcore, Hardcore Punk","Def Jam Recordings, Capitol Records, Grand Royal",Group,TRUE,1979,2014,unknown,1979,310060
304250,56d8081553a7ddfc01f917aa,Brandy,"United States, Mississippi, McComb",R&B,RCA Records,Person,FALSE,1979-02-11,unknown,Female,1979,304250
283503,56d82ba053a7ddfc01f94a37,Example,"England, London, Hammersmith","Dance, Electronic, Hip Hop, Post-Punk",Data Records,Person,FALSE,1982-06-20,unknown,Male,1982,283503
270665,56d80eaa53a7ddfc01f9217b,Chaka Khan,"United States, Illinois, Great Lakes","R&B, Pop, Funk, Jazz","ABC Records, MCA Records, Warner Bros. Records, Reprise Records, NPG Records, Burgundy Records",Person,FALSE,1953-03-23,unknown,Female,1953,270665
263567,56d807cd53a7ddfc01f9171f,Boyz II Men,"United States, Pennsylvania, Philadelphia","New Jack Swing, R&B, Soul","Arista, Decca Records, Koch Records, Motown, Universal Records",Group,FALSE,1988,unknown,unknown,1988,263567
241516,56d829ef53a7ddfc01f94790,Ercandize,"Germany, North Rhine-Westphalia",Hip Hop,"Optik Records, Assazeen",Person,FALSE,1978-04-12,unknown,Male,1978,241516
230263,56d8035d53a7ddfc01f910fc,Bill Withers,"United States, West Virginia, Slab Fork","Soul, R&B, Blues, Pop","Sussex Records, Columbia",Person,FALSE,1938-07-04,unknown,Male,1938,230263
208344,56d81d8d53a7ddfc01f9361e,Deichkind,"Germany, Hamburg, Hamburg","Hip Hop, Electro, Techno, Synthpop","WEA, Island Records, EastWest",Group,FALSE,1999,unknown,unknown,1999,208344
207241,56d7f0a856847be81b3e8e5e,Al Green,"United States, Arkansas, Forrest City","Soul, Gospel, R&B","Hi, Motown, Myrrh Records",Person,FALSE,1946-04-13,unknown,Male,1946,207241
200980,56d7f51d53a7ddfc01f8fb5e,Aloe Blacc,"United States, California, Orange County","Soul, R&B, Jazz, Hip Hop, Funk","Interscope Records, Stones Throw Records, Vertigo",Person,FALSE,1979-01-07,unknown,Male,1979,200980
191764,56d7f0b156847be81b3e8e68,Al Jarreau,"United States, Wisconsin, Milwaukee","Jazz, Vocal, Bebop, Funk, Smooth Jazz, Pop Rock, R&B, Soul, Vocalese","GRP Records, Rhino Records, Warner Bros. Records",Person,TRUE,1940-03-12,2017-02-12,Male,1940,191764
188097,56d7f12a56847be81b3e8efe,Albert King,"United States, Indiana, Indianapolis","Blues, Memphis Blues, R&B","Stax Records, King Records",Person,TRUE,1923-04-25,1992-12-21,Male,1923,188097
182277,56d8203653a7ddfc01f939e0,Dinah Washington,"United States, Alabama, Tuscaloosa","Blues, Gospel, Jazz, Pop, R&B",Mercury Records,Person,TRUE,1924-08-29,1963-12-14,Female,1924,182277
180925,56d8028753a7ddfc01f90ff6,Big Bang,South Korea,"K-Pop, J-Pop, Hip Hop, R&B, Pop",YG Entertainment,Group,FALSE,2006-08-19,unknown,unknown,2006,180925
174163,56d7fbab53a7ddfc01f905ce,Ashanti,"United States, New York, Glen Cove",R&B,"Jive Records, Epic Records",Person,FALSE,1980-10-13,unknown,Female,1980,174163
166363,56d7fe4e53a7ddfc01f909b5,Babyface,"United States, Indiana, Indianapolis","New Jack Swing, R&B, Soul",Epic Records,Person,FALSE,1959-04-10,unknown,Male,1959,166363
156443,56d814db53a7ddfc01f92949,Commodores,"United States, Alabama, Tuskegee","Funk, Soul, R&B","Motown, Rare Earth, Polydor",Group,FALSE,1968,unknown,unknown,1968,156443
150284,56d80fce53a7ddfc01f9232e,Cheryl Lynn,"United States, California, Los Angeles","R&B, Soul","Columbia, Manhattan Records, Virgin Records",Person,FALSE,1957-03-11,unknown,Female,1957,150284
139754,56d8157c53a7ddfc01f92a34,Coolio,"United States, California, Compton",Hip Hop,NA,Person,FALSE,1963-08-01,unknown,Male,1963,139754
134673,56d7fdb553a7ddfc01f908f1,Azealia Banks,"United States, New York, Harlem","Alternative Hip Hop, Experimental, Hip House","Interscope Records, Polydor",Person,FALSE,1991-05-31,unknown,Female,1991,134673
125878,56d7f3ef53a7ddfc01f8f993,Alexandra Burke,"England, London, Islington",R&B,Syco Music,Person,FALSE,1988-08-25,unknown,Female,1988,125878
114661,56d7ffe353a7ddfc01f90c18,Bassnectar,"United States, California, San Francisco","Dubstep, Breakbeat, Glitch, Hip Hop","Om Records, Child's Play Records",Person,FALSE,1977-02-19,unknown,Male,1977,114661
114536,56d80e2253a7ddfc01f920b0,Cee Lo Green,"United States, Georgia, Atlanta","R&B, Soul",Elektra,Person,FALSE,1974-05-30,unknown,Male,1974,114536
113012,56d8105953a7ddfc01f923d1,Chinx,"United States, New York, Queens",Hip Hop,Evil Empire,Person,TRUE,1983-12-04,2015-05-17,Male,1983,113012
107835,56d81f7853a7ddfc01f938f7,Die Fantastischen Vier,"Germany, Baden-Württemberg, Stuttgart",Hip Hop,Four Music,Group,FALSE,1989-07-07,unknown,unknown,1989,107835
107173,56d81c2f53a7ddfc01f93441,De La Soul,"United States, New York, Long Island","Hip Hop, Jazz Rap","Tommy Boy, Sanctuary Records, AOI Records",Group,FALSE,1987,unknown,unknown,1987,107173
107113,56d824f153a7ddfc01f94119,E-40,"United States, California, Vallejo",Hip Hop,EMI,Person,FALSE,1967-11-15,unknown,Male,1967,107113
107102,56d817b953a7ddfc01f92d92,Curtis Mayfield,"United States, Illinois, Chicago","Funk, R&B, Soul","Curtom Records, Charly Records",Person,TRUE,1942-06-03,1999-12-26,Male,1942,107102
103883,56d8070653a7ddfc01f91604,Bone Thugs-N-Harmony,"United States, Ohio, Cleveland",Hip Hop,Universal Music,Group,FALSE,1993,unknown,unknown,1993,103883
91671,56d807e453a7ddfc01f91749,Brad Wilk,"United States, California, Irvine","Alternative Metal, Rap Metal, Funk Metal, Alternative Rock, Hard Rock",NA,Person,FALSE,1968-09-05,unknown,Male,1968,91671
91453,56d8205453a7ddfc01f93a03,Dionne Warwick,"United States, New Jersey, East Orange","Soul, R&B, Soft Rock, Pop, Easy Listening, Jazz, Gospel, Pop, Adult Contemporary","Arista, Scepter Records, Motown, Rhino Records, Disques Vogue, Columbia, Fontana, Rozenblit, Pye Records, Atlantic Records, CBS Records, Metronome Records, Polydor, Ariola, ABC Records, Universal Music, Collectables, Warner Music Group",Person,FALSE,1940-12-12,unknown,Female,1940,91453
91382,56d81ab753a7ddfc01f9321e,Datsik,"Canada, British Columbia, Kelowna","Electro House, Dubstep, Trap","Dim Mak Records, Rottun Recordings, Basshead, SMOG, Firepower Records",Person,FALSE,1988-06-09,unknown,Male,1988,91382
81616,56d8103853a7ddfc01f92391,Childish Gambino,"United States, California, Los Angeles","Underground Hip Hop, Alternative Hip Hop, R&B, Pop",NA,Person,FALSE,1983-09-25,unknown,Male,1983,81616
78453,56d81c1853a7ddfc01f9341e,Dc Talk,"United States, Virginia, Lynchburg","Christian Hip Hop‎, Hip Hop, Rock","ForeFront Records, Virgin Records",Group,TRUE,1987,2001,unknown,1987,78453
73977,56d7fb0553a7ddfc01f904ba,Army Of The Pharaohs,"United States, Pennsylvania, Philadelphia","Hip Hop, Underground Hip Hop, Hardcore Hip Hop","Babygrande Records, Enemy Soil",Group,FALSE,1998,unknown,unknown,1998,73977
73762,56d815c453a7ddfc01f92a8b,Corinne Bailey Rae,"England, West Yorkshire, Leeds","R&B, Soul","EMI, Capitol Records, Virgin Records",Person,FALSE,1979-02-26,unknown,Female,1979,73762
71857,56d8182453a7ddfc01f92e1b,CéU,"Brazil, São Paulo, São Paulo","Singer-Songwriter, Brazilian, MPB, Bossa Nova, Soul, R&B, Jazz, Hip Hop","Indigo, Universal Music Group, Warner Music Group",Person,FALSE,1980-04-17,unknown,Female,1980,71857
70868,56d813f953a7ddfc01f927e7,Clueso,"Germany, Thuringia, Erfurt","Singer-Songwriter, Hip Hop, Reggae, Folk",Four Music,Person,FALSE,1980-04-09,unknown,Male,1980,70868
68503,56d7fdae53a7ddfc01f908e5,Azad,"Germany, Hesse, Frankfurt am Main",Hip Hop,Bozz Music,Person,FALSE,1973-11-24,unknown,Male,1973,68503
68198,56d8106153a7ddfc01f923e2,Chipmunk,"England, London, Tottenham","Hip Hop, Grime, R&B",NA,Person,FALSE,1990-11-26,unknown,Male,1990,68198
65931,56d81a0e53a7ddfc01f93133,Dappy,"England, London, Camden",Hip Hop,"Polydor, All Around The World, Def Jam Recordings",Person,FALSE,1987-06-11,unknown,Male,1987,65931
65470,56d806aa53a7ddfc01f91587,Bobby Womack,"United States, Ohio, Cleveland","Doo-wop, Funk, Gospel, Jazz, R&B, Rock, Rock 'N' Roll, Soul, Soul Blues","MCA Records, Columbia, United Artists Records",Person,TRUE,1944-03-04,2014-06-27,Male,1944,65470
65390,56d8010153a7ddfc01f90da6,Bella Thorne,"United States, Florida, Pembroke Pines","Pop, R&B",FaceTone Entertainment,Person,FALSE,1997-10-08,unknown,Female,1997,65390
61976,56d7f63853a7ddfc01f8fd68,Amos Lee,"United States, Pennsylvania, Philadelphia","Soul, R&B, Folk, Singer-Songwriter",Blue Note,Person,FALSE,1977-06-22,unknown,Male,1977,61976
58531,56d8243e53a7ddfc01f9400b,Dubioza Kolektiv,Bosnia and Herzegovina,"Rap Rock, Reggae, Ska, Dub, Funk Rock","Gramofon, Menart Records",Group,FALSE,2003,unknown,unknown,2003,58531
58423,56d828f753a7ddfc01f94658,En Vogue,"United States, California, Oakland","R&B, Pop","Atlantic Records, EastWest Records America, 33rd Street Records",Group,FALSE,1988-07-18,unknown,unknown,1988,58423
56442,56d8258153a7ddfc01f941f2,Ed Motta,"Brazil, Rio de Janeiro, Rio de Janeiro","Singer-Songwriter, MPB, Latin, Samba, Salsa, Soul, R&B, Funk, Reggae","WEA, Universal Music Group, Warner Music Group",Person,FALSE,1971-08-17,unknown,Male,1971,56442
54685,56d804b153a7ddfc01f912b0,Black-Ty,"United States, California, Los Angeles",Hip Hop,RCA Records,Person,FALSE,1978-12-30,unknown,Male,1978,54685
54442,56d8228353a7ddfc01f93d86,DonGURALesko,"Poland, Greater Poland Voivodeship, Poznań",Hip Hop,"Wielkie Joł, Szpadyzor Records",Person,FALSE,1980-03-08,unknown,Male,1980,54442
54370,56d8186453a7ddfc01f92e80,D12,"United States, Michigan, Detroit",Hip Hop,Interscope Records,Group,FALSE,1996,unknown,unknown,1996,54370
52588,56d8013c53a7ddfc01f90de3,Ben E. King,"United States, New York, New York City",R&B,"Atco Records, Atlantic Records",Person,TRUE,1938-09-28,2015-04-30,Male,1938,52588
51151,56d7eaf726a8a3040c686a2a,Abd Al Malik,"France, Alsace, Strasbourg",Hip Hop,Atmosphériques,Person,FALSE,1975-03-14,unknown,Male,1975,51151
51083,56d821b653a7ddfc01f93c71,Doc Gynéco,"France, Île-de-France‎, Clichy","G-Funk, Hip Hop",Virgin France,Person,FALSE,1974-07-07,unknown,Male,1974,51083
49455,56d7f7b353a7ddfc01f8ffa7,Andy Mineo,"United States, New York, New York City",Christian Hip Hop,Reach Records,Person,FALSE,1988-04-17,unknown,Male,1988,49455
48586,56d8210f53a7ddfc01f93b4b,DJ Drama,"United States, Pennsylvania, Philadelphia",Hip Hop,Gangsta Grillz,Person,FALSE,1978-04-22,unknown,Male,1978,48586
44217,56d802d153a7ddfc01f91049,Big Mama Thornton,"United States, Alabama, Ariton","Blues, Texas Blues, R&B","Ace Records, Arhoolie Records, Mercury Records, Peacock Records, Vanguard",Person,TRUE,1926-12-11,1984-07-25,Female,1926,44217
43471,56d80fa753a7ddfc01f922e2,Chef'Special,"The Netherlands, North Holland, Haarlem","Pop, Funk, Hip Hop, Rock, Ska","Kaiser Records, Fueled By Ramen",Group,FALSE,2008,unknown,unknown,2008,43471
40136,56d8251653a7ddfc01f94151,Earl Sweatshirt,"United States, California, Sacramento",Alternative Hip Hop,NA,Person,FALSE,1994-02-24,unknown,Male,1994,40136
39151,56d7ee4c56847be81b3e8a3d,Ace Wilder,"Sweden, Stockholm","Pop, Hip Hop","EMI, Warner Music Sweden",Person,FALSE,1982-07-23,unknown,Female,1982,39151
37557,56d7f0dd56847be81b3e8e98,Alaine,"United States, New Jersey","Dancehall, R&B, Reggae, Ska",Chimney Records,Person,FALSE,1978-09-21,unknown,Female,1978,37557
35896,56d8004353a7ddfc01f90caf,Beast (KR),South Korea,"K-Pop, Dance, R&B","Cube Entertainment, Universal Music Group",Group,FALSE,2009-10-16,unknown,unknown,2009,35896
35845,56d7f3af53a7ddfc01f8f8e8,Alesha Dixon,"England, Hertfordshire, Welwyn Garden City","Pop, R&B, Soul, Funk","Polydor, Asylum Records",Person,FALSE,1978-10-07,unknown,Female,1978,35845
34959,56d7ef8d56847be81b3e8c72,Afroman,"United States, California, Palmdale","Hip Hop, Comedy","Hungry Hustler Records, Universal Records",Person,FALSE,1974-07-29,unknown,Male,1974,34959
31205,56d81e1753a7ddfc01f936da,Deniece Williams,"United States, Indiana, Gary","Soul, R&B, Gospel","Columbia, Shanachie, Sparrow Records",Person,FALSE,1950-06-03,unknown,Female,1950,31205
29834,56d7fc7b53a7ddfc01f9070c,Atmosphere,"United States, Minnesota, Minneapolis",Hip Hop,"Rhymesayers Entertainment, Warner Music Group, Epitaph Records, Fat Beats Records",Group,FALSE,1994,unknown,unknown,1994,29834
28814,56d8168153a7ddfc01f92bdb,Crazy Town,"United States, California, Los Angeles","Alternative Rock, Nu Metal, Rap Rock","Columbia, Membran",Group,FALSE,1995,unknown,unknown,1995,28814
27564,56d8055753a7ddfc01f913be,Block B,"South Korea, Seoul","Hip Hop, Pop, Dance, K-Pop, R&B",Stardom,Group,FALSE,2011,unknown,unknown,2011,27564
26779,56d82c9e53a7ddfc01f94b97,Falco,"Austria, Vienna, Vienna","Singer-Songwriter, Pop, Rock, Glam Rock, New Wave, Hip Hop","A&M Records, Teldec, WEA, EMI, Sing Sing",Person,TRUE,1957-02-19,1998-02-06,Male,1957,26779
26499,56d803af53a7ddfc01f91154,Billy Ocean,"Trinidad and Tobago, Trinidad, Fyzabad","R&B, Pop, Soul","Jive Records, Epic Records",Person,FALSE,1950-01-21,unknown,Male,1950,26499
24907,56d7f07756847be81b3e8e09,Aketo,"France, Île-de-France, Deuil-la-Barre",French Hip Hop,Desh Musique,Person,FALSE,1980-08-30,unknown,Male,1980,24907
24377,56d826f053a7ddfc01f943df,Elastinen,"Finland, Uusimaa, Helsinki",Hip Hop,Rähinä Records,Person,FALSE,1981-04-18,unknown,Male,1981,24377
22276,56d80c1753a7ddfc01f91d87,Canon,"United States, Illinois, Chicago",Christian Hip Hop,Reflection Music Group,Person,FALSE,1989-03-01,unknown,Male,1989,22276
20689,56d8028f53a7ddfc01f91001,Big Boi,"United States, Georgia, Atlanta",Hip Hop,Def Jam Recordings,Person,FALSE,1975-02-01,unknown,Male,1975,20689
20632,56d803ed53a7ddfc01f9119e,Biohazard,"United States, New York, Brooklyn","Hardcore Punk, Heavy Metal, Rap Metal","Mercury Records, Nuclear Blast, Roadrunner Records, Sanctuary Records, Warner Bros. Records",Group,FALSE,1988,unknown,unknown,1988,20632
20525,56d8234053a7ddfc01f93e83,Down With Webster,"Canada, Ontario, Toronto","Rap Rock, Hip Hop, Pop Rock",Universal Motown,Group,FALSE,1998,unknown,unknown,1998,20525
19744,56d814bc53a7ddfc01f9290e,Colt Ford,"United States, Georgia, Athens",Country Rap,Average Joe's Entertainment,Person,FALSE,1970,unknown,Male,1970,19744
19704,56d80d7e53a7ddfc01f91fb1,Cassandra Steen,"Germany, Baden-Württemberg, Ostfildern","Soul, R&B, Pop",Universal Records,Person,FALSE,1980-02-09,unknown,Female,1980,19704
19465,56d8119d53a7ddfc01f92534,Christina Milian,"United States, New Jersey, Jersey City","Pop, R&B","Cash Money Records, Interscope Records, Def Jam Recordings, Island Records, MySpace Records, Radio Killa Records, The INC Records",Person,FALSE,1981-09-26,unknown,unknown,1981,19465
18201,56d805ef53a7ddfc01f9149c,Blumentopf,"Germany, Bavaria, Freising",Hip Hop,Four Music,Group,TRUE,1992,2016-10-22,unknown,1992,18201
18092,56d81eaa53a7ddfc01f937d1,Deuce,"United States, California, Los Angeles","Rock, Hip Hop",NA,Group,FALSE,1978,unknown,unknown,1978,18092
17907,56d8213d53a7ddfc01f93b7c,DJ Koze,"Germany, Schleswig-Holstein, Flensburg","Techno, Tech House, Minimal Techno, Hip Hop","Kompakt, Pampa Records",Person,FALSE,1972,unknown,Male,1972,17907
17429,56d7fbfd53a7ddfc01f90644,Assassin (FR),"France, Île-de-France, Paris",Hip Hop,"Delabel, Livin' Astro",Group,FALSE,1985,unknown,unknown,1985,17429
17329,56d8093053a7ddfc01f9196f,Brooke Candy,"United States, California, Oxnard",Hip Hop,Independent,Person,FALSE,1989-07-20,unknown,Female,1989,17329
16534,56d81a8d53a7ddfc01f931f3,Das EFX,"United States, Virginia, Petersburg",Hip Hop,EastWest Records America,Group,FALSE,1988,unknown,unknown,1988,16534
16523,56d8159153a7ddfc01f92a62,Corbin Bleu,"United States, New York, Brooklyn","Pop, R&B",Hollywood Records,Person,FALSE,1989-02-21,unknown,Male,1989,16523
16328,56d81cc653a7ddfc01f93510,Death Grips,"United States, California, Sacramento",Experimental Hip Hop,"Warp Records, Epic Records, Harvest Records",Group,FALSE,2010-12-21,unknown,unknown,2010,16328
16058,56d7fdfb53a7ddfc01f90948,B.A.P,"South Korea, Seoul","K-Pop, Hip Hop, R&B, Rock",NA,Group,FALSE,2012,unknown,unknown,2012,16058
16005,56d80c3153a7ddfc01f91db5,Capital Kings,"United States, Washington, D.C.",Christian Hip Hop,Gotee Records,Group,FALSE,2010,unknown,unknown,2010,16005
15879,56d81e1153a7ddfc01f936cd,Dendemann,"Germany, North Rhine-Westphalia, Menden",Hip Hop,NA,Person,FALSE,1974-06-27,unknown,Male,1974,15879
15571,56d80d5a53a7ddfc01f91f87,Casey Veggies,"United States, California, Los Angeles",Alternative Hip Hop,NA,Person,FALSE,1993-07-18,unknown,Male,1993,15571
14346,56d7fc8c53a7ddfc01f90727,Attack Attack!,"United States, Ohio, Columbus","Post-Hardcore, Electronica, Electro, Dubstep, Dance, Metalcore, R&B",Rise Records,Group,TRUE,2005,2013,unknown,2005,14346
14148,56d8263c53a7ddfc01f942e2,Edyta Górniak,"Poland, Lower Silesian Voivodeship, Ziębice","Pop, R&B","EMI, Toshiba-EMI, Virgin Records",Person,FALSE,1972-11-14,unknown,Female,1972,14148
13456,56d7ef6756847be81b3e8c53,Aesop Rock,"United States, New York, New York City","Underground Hip Hop, Alternative Hip Hop, Hip Hop","Mush Records, Definitive Jux",Person,FALSE,1976-05-11,unknown,Male,1976,13456
13016,56d80e1a53a7ddfc01f92098,CeCe Winans,"United States, Michigan, Detroit","Contemporary Christian, Gospel, R&B, Worship","Atlantic Records, Sparrow Records",Person,FALSE,1964-10-08,unknown,Female,1964,13016
12638,56d809ec53a7ddfc01f91a6c,Buddy Miles,"United States, Nebraska, Omaha","Rock, R&B, Funk",Mercury Records,Person,TRUE,1947-09-05,2008-02-26,Male,1947,12638
12504,56d8195553a7ddfc01f9301c,Danger Mouse,"United States, New York, White Plains","Hip Hop, Alternative Rock, Neo-Psychedelia, Electronica, Neo Soul, Alternative Hip Hop, Indie Rock, Folk Rock, Ambient","Capitol Records, EMI, Lex Records",Person,FALSE,1977-07-29,unknown,Male,1977,12504
12409,56d8227953a7ddfc01f93d75,Donatan,"Poland, Lesser Poland Voivodeship, Kraków","Hip Hop, Folk",Urban Rec,Person,FALSE,1983-09-02,unknown,Male,1983,12409
12174,56d8030653a7ddfc01f910a8,Bilderbuch,"Austria, Upper Austria, Kremsmünster","Rock, Art Punk, Progressive Rock, Indie Rock, Hip Hop",NA,Group,FALSE,2005,unknown,unknown,2005,12174
11887,56d7f69353a7ddfc01f8fddd,Ana Tijoux,Chile,"Hip Hop, Pop, Trip Hop, Contemporary R&B, R&B","Nacional Records, Relativity Records",Person,FALSE,1977-06-12,unknown,Female,1977,11887
11834,56d7f4be53a7ddfc01f8fac8,All Saints,"England, London","Hip Hop, Dance, R&B, Urban Contemporary","London Records, Parlophone",Group,FALSE,1993,unknown,unknown,1993,11834
11734,56d7ef6b56847be81b3e8c5f,Afrika Bambaataa,"United States, New York, The Bronx","Hip Hop, Electro",Boo-Hooray Records,Person,FALSE,1957-04-19,unknown,Male,1957,11734
11110,56d8249a53a7ddfc01f940b6,Dwele,"United States, Michigan, Detroit","Jazz, Neo Soul, R&B, Soul","Virgin Records, E1 Music",Person,FALSE,1978-02-14,unknown,Male,1978,11110
10324,56d8223e53a7ddfc01f93d21,Don Choa,France,Hip Hop,Sony BMG,Person,FALSE,1974,unknown,Male,1974,10324
10193,56d805aa53a7ddfc01f91425,Blu Cantrell,"United States, Rhode Island, Providence","R&B, Soul",Arista,Person,FALSE,1976-10-01,unknown,Female,1976,10193
9507,56d7efc256847be81b3e8d0d,Agnes,"Sweden, Västergötland, Vänersborg","Pop, Dance, R&B, Electropop","Ariola, Columbia, Roxy Recordings",Person,FALSE,1988-03-06,unknown,Female,1988,9507
9448,56d7ef8756847be81b3e8c69,Afrob,"Germany, Baden-Württemberg, Stuttgart",Hip Hop,Four Music,Person,FALSE,1977-08-01,unknown,Male,1977,9448
9315,56d8187753a7ddfc01f92eb4,Da Weasel,"Portugal, Setúbal, Almada","Hip Hop, Rock",EMI,Group,TRUE,1993,2010-12-09,unknown,1993,9315
9240,56d8094253a7ddfc01f9198a,Brotha Lynch Hung,"United States, California, Sacramento","Hip Hop, Horrorcore, Underground Hip Hop",Strange Music,Person,FALSE,1969-01-10,unknown,Male,1969,9240
9197,56d7fdf153a7ddfc01f90932,B-Real,"United States, California, South Gate",Hip Hop,Columbia,Person,FALSE,1970-06-02,unknown,Male,1970,9197
9053,56d7eac926a8a3040c6869cb,Aaron Neville,"United States, Louisiana, New Orleans","R&B, Soul, Gospel",A&M Records,Person,FALSE,1941-01-24,unknown,Male,1941,9053
8874,56d803b953a7ddfc01f91161,Billy Preston,"United States, Texas, Houston","Funk, Gospel, R&B, Rock, Soul","A&M Records, Apple Records, Buddah Records, Capitol Records, Motown, Vee-Jay Records",Person,TRUE,1946-09-02,2006-06-06,Male,1946,8874
8574,56d7fc0b53a7ddfc01f9065e,Aston Merrygold,"England, Cambridgeshire, Peterborough",R&B,Epic Records,Person,FALSE,1988-02-13,unknown,Male,1988,8574
8295,56d8191553a7ddfc01f92faf,Dan Le Sac Vs Scroobius Pip,"England, Essex, Stanford-le-Hope","Electronic, Hip Hop",Lex Records,Group,TRUE,2007,2014-09,unknown,2007,8295
7974,56d8136a53a7ddfc01f92728,Clawfinger,Sweden,"Crossover, Rap Metal","Nuclear Blast, Supersonic, WEA",Group,TRUE,1989,2013-08-24,unknown,1989,7974
7593,56d80b0953a7ddfc01f91c02,Cab Calloway,"United States, New York, Rochester","Jazz, Scat, Swing, R&B, Soul, Big Band, Trad Jazz, Vocal Jazz","Columbia, Proper Records, RCA Victor",Person,TRUE,1907-12-25,1994-11-18,Male,1907,7593
6292,56d7f4e353a7ddfc01f8fb14,Allen Toussaint,"United States, Louisiana, New Orleans","R&B, Soul, Jazz, Funk, Blues","RCA Victor, Reprise Records, Elektra, Warner Bros. Records, Nonesuch",Person,TRUE,1938-01-14,2015-11-10,Male,1938,6292
6215,56d809bf53a7ddfc01f91a33,Buck 65,"Canada, Nova Scotia, Mount Uniacke","Hip Hop, Rock",Warner Music Canada,Person,FALSE,1972-03-04,unknown,Male,1972,6215
6075,56d81e4b53a7ddfc01f93747,Derek Minor,"United States, Michigan, Pontiac","Christian Hip Hop‎, Hip Hop","Christlike Entertainment, Reflection Music Group, Reach Records",Person,FALSE,1983-12-16,unknown,Male,1983,6075
5948,56d8184653a7ddfc01f92e46,D-Bo,"Germany, Berlin, Berlin",Hip Hop,"ersguterjunge, Wolfpack Entertainment",Person,FALSE,1978-06-06,unknown,Male,1978,5948
5824,56d820be53a7ddfc01f93aa0,Dispatch,"United States, Vermont, Middlebury","Jam Band, Indie Folk, Roots Rock, Reggae, Rap Rock, Ska",Universal Records,Group,FALSE,1996,unknown,unknown,1996,5824
5810,56d7ee8656847be81b3e8ad8,Active Member,"Greece, Attica, Athens",Hip Hop,"Warner Bros. Records, Freestyle Productions",Group,FALSE,1992-06-20,unknown,unknown,1992,5810
5748,56d826bb53a7ddfc01f94380,El DeBarge,"United States, Michigan, Grand Rapids","R&B, Pop, Soul","Gordy, Motown, Warner Bros. Records, Interscope Records",Person,FALSE,1961-06-04,unknown,Male,1961,5748
5428,56d8099e53a7ddfc01f91a16,Brädi,"Finland, Päijänne Tavastia, Lahti",Hip Hop,Rähinä Records,Person,FALSE,1979-04-09,unknown,Male,1979,5428
5401,56d8035d53a7ddfc01f910fa,Bill Wyman,"England, London, Lewisham","Rock, Rock 'N' Roll, Swing, R&B, Jazz, Blues, Skiffle","Koch Records, Rolling Stones Records, BMG",Person,FALSE,1936-10-24,unknown,Male,1936,5401
5399,56d8052a53a7ddfc01f91373,Bligg,"Switzerland, Zurich, Schwamendingen",Hip Hop,"Universal Music, Nation Music",Person,FALSE,1976-09-30,unknown,Male,1976,5399
5236,56d81a8753a7ddfc01f931ea,Daryl Hall,"United States, Pennsylvania, Pottstown","Rock, R&B, Soul","Atlantic Records, RCA Records, Epic Records, Arista",Person,FALSE,1946-10-11,unknown,Male,1946,5236
5110,56d8073453a7ddfc01f91648,Booker T. & The MG's,"United States, Tennessee, Memphis","Blues, R&B, Soul, Instrumental Rock","Atlantic Records, Stax Records, Volt Records",Group,FALSE,1962,unknown,unknown,1962,5110
5019,56d82b8c53a7ddfc01f94a0d,Evol Intent,"United States, Georgia, Atlanta","Drum And Bass, Dubstep, Hip Hop, IDM",Renegade Hardware,Group,FALSE,2000,unknown,unknown,2000,5019
4987,56d81ba553a7ddfc01f93369,David Ruffin,"United States, Mississippi, Whynot",R&B,Motown,Person,TRUE,1941-01-18,1991-06-01,Male,1941,4987
4940,56d81a9453a7ddfc01f93202,Das Bo,"Germany, Hamburg, Hamburg",Hip Hop,Yo Mama's Recording,Person,FALSE,1976,unknown,unknown,1976,4940
4871,56d804aa53a7ddfc01f9129e,Black Thought,"United States, Pennsylvania, Philadelphia",Hip Hop,NA,Person,FALSE,1971-10-03,unknown,Male,1971,4871
4797,56d7fc0b53a7ddfc01f9065a,Aste,"Finland, Kymenlaakso, Kouvola",Hip Hop,"Löyly-Viihde, Warner Music Group",Person,FALSE,1985-06-24,unknown,Male,1985,4797
4770,56d81dcb53a7ddfc01f93681,Deltron 3030,"United States, California","Avant-garde, Hip Hop",75 Ark,Group,FALSE,2000,unknown,unknown,2000,4770
4697,56d8085f53a7ddfc01f91818,Brenda Russell,"United States, New York, Brooklyn","Adult Contemporary, Jazz, R&B, Soul, Soul","A&M Records, EMI, Hidden Beach, Warner Bros. Records",Person,FALSE,1949-04-08,unknown,Female,1949,4697
4629,56d8177153a7ddfc01f92d12,Crystal Waters,"United States, Pennsylvania, Philadelphia","Singer-Songwriter, House, Contemporary R&B",Mercury Records,Person,FALSE,1964-10-10,unknown,Female,1964,4629
4619,56d804af53a7ddfc01f912ab,Black Violin,"United States, Florida","Classical, Hip Hop",Independent,Group,FALSE,2004,unknown,unknown,2004,4619
4558,56d7f42753a7ddfc01f8f9ed,Ali,"United States, Missouri, St. Louis",Hip Hop,"Derrty Entertainment, Universal Records",Person,FALSE,1971-07-13,unknown,Male,1971,4558
4372,56d8214153a7ddfc01f93b8c,DJ Logic,"United States, New York, The Bronx",Hip Hop,"Relix Records, Ropeadope Records",Person,FALSE,1972,unknown,Male,1972,4372
4329,56d7e9b76b60c09814f93f46,A Taste Of Honey,"United States, California, Los Angeles","R&B, Disco, Adult Contemporary","One Way Records, Capitol Records",Group,TRUE,1971,1982,unknown,1971,4329
4325,56d8257a53a7ddfc01f941df,Ed Drewett,"England, Essex, Harlow","R&B, Pop",Virgin,Person,FALSE,1988-04-01,unknown,Male,1988,4325
4302,56d81d7153a7ddfc01f935f6,Def Con Dos,"Spain, Madrid","Nu Metal, Rap Metal, Rap Rock, Rapcore",Strawberry Hardcore,Group,FALSE,1989,unknown,unknown,1989,4302
4254,56d806ea53a7ddfc01f915e1,Bomfunk MC's,Finland,"Hip Hop, Breakbeat",Epidrome,Group,FALSE,1997,unknown,unknown,1997,4254
4098,56d81d0553a7ddfc01f93540,DeBarge,"United States, Michigan, Grand Rapids","R&B, Soul","Gordy, Motown",Group,TRUE,1979,1989,unknown,1979,4098
3937,56d81da653a7ddfc01f9364a,Delegation,England,"Funk, Soul, R&B",Epic Records,Group,TRUE,1975,1999,unknown,1975,3937
3729,56d7ff6053a7ddfc01f90b5c,Barbara Moleko,"Denmark, Region Hovedstaden‎, Copenhagen","Pop, Soul, R&B",Sony Music,Person,FALSE,1987,unknown,Female,1987,3729
3617,56d81b0153a7ddfc01f9329e,"David ""Honeyboy"" Edwards","United States, Mississippi, Shaw","Blues, Delta Blues, Jazz, R&B, Soul, Folk","Folkways Records, Blue Horizon, Epic Records, Earwig Music, Testament Records",Person,TRUE,1915-06-28,2011-08-29,Male,1915,3617
3485,56d805a853a7ddfc01f91421,Blu,"United States, California, San Pedro",Hip Hop,NA,Person,FALSE,1983-04-15,unknown,Male,1983,3485
3324,56d8195053a7ddfc01f93010,Danforth,"France, Île-de-France, Paris","Hardcore Punk, Rapcore",Deadlight Entertainment,Group,FALSE,2003,unknown,unknown,2003,3324
3288,56d81f7c53a7ddfc01f938fb,Die Firma,"Germany, North Rhine-Westphalia, Cologne",Hip Hop,"LaCosaMia, V2 Records",Group,FALSE,1996,unknown,unknown,1996,3288
3187,56d804a153a7ddfc01f91291,Black Sheep,"United States, New York, Queens",Hip Hop,Mercury Records,Group,FALSE,2002-10,unknown,unknown,2002,3187
3130,56d8195553a7ddfc01f9301e,Dangerkids,"United States, Ohio, Dayton","Rap Metal, Post-Hardcore, Electronicore, Metalcore, Nu Metal",Rise Records,Group,FALSE,2012-05,unknown,unknown,2012,3130
3037,56d80a8353a7ddfc01f91b53,Busdriver,"United States, California, Los Angeles","Hip Hop, Experimental","Epitaph Records, ANTI-, Mush Records, Fake Four Inc.",Person,FALSE,1978-02-12,unknown,Male,1978,3037
2877,56d8223253a7ddfc01f93d05,Domo Genesis,"United States, California, Los Angeles",Alternative Hip Hop,NA,Person,FALSE,1991-03-09,unknown,Male,1991,2877
2784,56d7feb153a7ddfc01f90a44,Bahamadia,"United States, Pennsylvania, Philadelphia","Hip Hop, Jazz","Chrysalis Records, E1 Music",Person,FALSE,1970,unknown,Female,1970,2784
2742,56d8231d53a7ddfc01f93e68,Down AKA Kilo,"United States, California, Oxnard",Hip Hop,NA,Person,FALSE,1985-01-13,unknown,unknown,1985,2742
2715,56d8132d53a7ddfc01f926c6,"Clarence ""Gatemouth"" Brown","United States, Louisiana, Vinton","Blues, Cajun, Country, R&B, Soul, Southern Rock, Swing","Aladdin Records, Alligator Records, Black And Blue, Chess Records, Orbis, Peacock Records, P-Vine Special, Rounder Records",Person,TRUE,1924-04-18,2005-09-10,Male,1924,2715
2642,56d8023e53a7ddfc01f90f76,Bettye LaVette,"United States, Michigan, Muskegon","Blues, Soul, R&B","Atlantic Records, Motown, ANTI-",Person,FALSE,1946-01-29,unknown,Female,1946,2642
2577,56d7eec856847be81b3e8b30,Adam Tensta,"Sweden, Stockholm, Tensta",Hip Hop,K-Werks,Person,FALSE,1983-08-01,unknown,Male,1983,2577
2445,56d82b8353a7ddfc01f949f4,Evil Nine,"England, East Sussex, Brighton","Breakbeat, House, Hip Hop","For Lovers, Marine Parade",Group,FALSE,1998,unknown,unknown,1998,2445
2414,56d7fc1a53a7ddfc01f90680,Astronautalis,"United States, Florida, Jacksonville","Alternative Hip Hop, Indie Rock","Eyeball Records, Fake Four Inc.",Person,FALSE,1981-12-13,unknown,Male,1981,2414
2290,56d8043153a7ddfc01f911fc,Bizzy Bone,"United States, Ohio, Columbus","Midwest Rap, Hip Hop","Ruthless Records, Relativity Records, Epic Records, Thump Records, Virgin Records, Sumerian Records",Person,FALSE,1976-09-12,unknown,Male,1976,2290
2279,56d817fa53a7ddfc01f92dd8,CYNE,"United States, Florida, Gainesville",Hip Hop,"Hometapes, City Centre Offices",Group,FALSE,2000,unknown,unknown,2000,2279
2257,56d7e9f46b60c09814f93fd2,Aaradhna,"New Zealand, Porirua","Pop, R&B, Soul",Dawn Raid Entertainment,Person,FALSE,1983-12-20,unknown,Female,1983,2257
2246,56d80e5553a7ddfc01f92101,Centr,"Russia, Moscow",Hip Hop,Монолит,Group,FALSE,2003,unknown,unknown,2003,2246
2160,56d823a953a7ddfc01f93f1b,Dream (US),"United States, California, Los Angeles","Pop, R&B","Warner Music Group, Bad Boy Entertainment",Group,TRUE,1998,2016-10-05,unknown,1998,2160
2130,56d825ac53a7ddfc01f94238,Eddie Murphy,"United States, New York, Brooklyn","Comedy, R&B",Columbia,Person,FALSE,1961-04-03,unknown,Male,1961,2130
2081,56d80b4653a7ddfc01f91c5d,Cage (DE),"United States, New York, Middletown","Rock, Alternative Rock, Hip Hop","Columbia, Fondle 'Em Records, Definitive Jux",Person,FALSE,1973-05-04,unknown,Male,1973,2081
2061,56d81e2f53a7ddfc01f93716,Denyo,"Germany, Hamburg, Hamburg",Hip Hop,Universal Music,Person,FALSE,1977,unknown,Male,1977,2061
1912,56d7feb153a7ddfc01f90a43,Baha Men,"The Bahamas, Nassau","World Music, Junkanoo, Dance, Pop, Reggae Fusion, Reggae, Soca, Hip Hop, Pop-Rap","EMI, Rough Trade, S-Curve Records, Sony Music Entertainment",Group,FALSE,1991,unknown,unknown,1991,1912
1900,56d7f59053a7ddfc01f8fc38,Amanda Marshall,"Canada, Ontario, Toronto","Adult Contemporary, R&B",NA,Person,FALSE,1972-08-29,unknown,Female,1972,1900
1858,56d8051253a7ddfc01f91341,Blaze Ya Dead Homie,"United States, Michigan, Romeo",Hip Hop,Psychopathic Recordings,Person,FALSE,1976-04-27,unknown,Male,1976,1858
1826,56d8289553a7ddfc01f945bd,Emile Haynie,"United States, New York, Buffalo","Hip Hop, Pop",Interscope Records,Person,FALSE,1980-07-13,unknown,Male,1980,1826
1788,56d7f5af53a7ddfc01f8fc88,Amber,"The Netherlands, Gelderland, Ubbergen","Eurodance, House, R&B, Pop Rock",Tommy Boy,Person,FALSE,1969-05-09,unknown,Female,1969,1788
1688,56d8187c53a7ddfc01f92ebf,Da' T.R.U.T.H.,"United States, Pennsylvania, Philadelphia","Christian Hip Hop, Urban Contemporary Gospel",Cross Movement Records,Person,FALSE,1977-12-15,unknown,Male,1977,1688
1567,56d8259d53a7ddfc01f9421d,Eddie Hazel,"United States, New York, Brooklyn","Funk, Soul, R&B","P-Vine Records, Warner Bros. Records",Person,TRUE,1950-04-10,1992-12-23,Male,1950,1567
1506,56d81f7f53a7ddfc01f938fd,Die Goldenen Zitronen,"Germany, Hamburg, Hamburg","Alternative Rock, Experimental Rock, Hip Hop, Indie Rock, New Wave, Punk Rock, Singer-Songwriter","Vielklang, Buback, Weser Label, Cooking Vinyl",Group,FALSE,1984,unknown,unknown,1984,1506
1504,56d82bed53a7ddfc01f94aab,Eyedea & Abilities,"United States, Minnesota, Saint Paul",Hip Hop,Epitaph Records,Group,TRUE,1999,2010-10-16,unknown,1999,1504
1456,56d8073453a7ddfc01f91645,Booker T. Jones,"United States, Tennessee, Memphis","Soul, R&B, Blues, Instrumental Rock","Epic Records, A&M Records",Person,FALSE,1944-11-12,unknown,Male,1944,1456
1418,56d80f0e53a7ddfc01f92208,Charles Hamilton,"United States, Ohio, Cleveland",Hip Hop,"Turn First Records, Republic Records",Person,FALSE,1987-11-10,unknown,Male,1987,1418
1389,56d813e453a7ddfc01f927c1,Clouddead,"United States, Ohio, Cincinnati","Experimental, Hip Hop","Mush Records, Big Dada Records",Group,TRUE,1999,2004,unknown,1999,1389
1387,56d802c253a7ddfc01f9102f,Big Grams,United States,Experimental Hip Hop,Epic Records,Group,FALSE,2015,unknown,unknown,2015,1387
1385,56d807f453a7ddfc01f9176b,Brainpower,"The Netherlands, South Holland, Alphen aan den Rijn",Hip Hop,"Black Star Foundation, EMI, Lyric Recordings",Person,FALSE,1975-02-05,unknown,Male,1975,1385
1372,56d80f9d53a7ddfc01f922cd,Chebaleba,"Finland, Uusimaa, Helsinki",Hip Hop,"Löyly-Viihde, Monsp Records",Person,FALSE,1987-01-30,unknown,Male,1987,1372
1333,56d8292153a7ddfc01f94695,Endo,"United States, Florida, Miami","Alternative Metal, Nu Metal, Post-Grunge, Rap Metal",Columbia,Group,TRUE,1998,2007,unknown,1998,1333
1268,56d80f9253a7ddfc01f922c2,Che'Nelle,"Malaysia, Kota Kinabalu","Pop, R&B, Hip Hop",EMI,Person,FALSE,1983-03-10,unknown,Female,1983,1268
1197,56d80f0d53a7ddfc01f92203,Charles Brown,"United States, Texas, Texas City","Blues, Texas Blues, R&B, Soul, Soul Blues, Rock, Blues Rock, Blues, Soul Jazz","Aladdin Records, King Records, EMI, Route 66",Person,TRUE,1922-09-13,1999-01-21,Male,1922,1197
1149,56d7eb2e26a8a3040c686a7a,ABK,"United States, Michigan, Detroit",Hip Hop,Native World Inc.,Person,FALSE,1973-06-26,unknown,Male,1973,1149
1126,56d822fc53a7ddfc01f93e21,Double,"Japan, Niigata","J-Pop, R&B",For Life Records,Group,FALSE,1998-02-04,unknown,unknown,1998,1126
958,56d7f6f953a7ddfc01f8fe92,Anders Osborne,"Sweden, Bohuslän, Uddevalla","Blues, Rock, R&B","Alligator Records, OKeh, Shanachie",Person,FALSE,1966-05-04,unknown,Male,1966,958
941,56d8092e53a7ddfc01f9196b,Brook Benton,"United States, South Carolina, Lugoff","Gospel, Pop, R&B, Singer-Songwriter, Soul","Mercury Records, Cotillion Records, RCA Records",Person,TRUE,1931-09-19,1988-04-09,Male,1931,941
922,56d8219a53a7ddfc01f93c47,DMC,United States,Hip Hop,Romen Mpire,Person,FALSE,1964-05-31,unknown,Male,1964,922
914,56d8110f53a7ddfc01f92452,Chris Clark,"United States, California, Santa Cruz","Soul, R&B","Motown, Weed",Person,FALSE,1946-02-01,unknown,Female,1946,914
899,56d8213f53a7ddfc01f93b84,DJ Laz,"United States, Florida, Hollywood","Hip Hop, Reggaeton",Pandisc Records,Person,FALSE,1990,unknown,unknown,1990,899
834,56d7f80d53a7ddfc01f9000b,Angela Bofill,"United States, New York, The Bronx","R&B, Jazz, Dance","Arista, Capitol Records, Jive Records, Shanachie",Person,FALSE,1954-05-02,unknown,Female,1954,834
813,56d7f63553a7ddfc01f8fd62,Amos Milburn,"United States, Texas, Houston","Blues, R&B, Boogie Woogie, Jump Blues","Aladdin Records, Bear Family Records",Person,TRUE,1927-04-01,1980-01-03,Male,1927,813
791,56d802d153a7ddfc01f9104a,Big Maybelle,"United States, Tennessee, Jackson","R&B, Blues, Gospel, East Coast Blues","Savoy Records, OKeh, Brunswick, Chess Records, Epic Records, Charly Records",Person,TRUE,1924-05-01,1972-01-23,Female,1924,791
752,56d7fe4453a7ddfc01f9099c,Baby D,"United States, Georgia, Atlanta",Hip Hop,Big Oomp Records,Person,FALSE,1984-11-05,unknown,Male,1984,752
708,56d7ffea53a7ddfc01f90c2b,Bastian,"The Netherlands, North Holland, Amsterdam","Hip Hop, Electronic","Supertracks, DJ Therapy",Person,FALSE,1974-07-17,unknown,Male,1974,708
688,56d802da53a7ddfc01f9105b,Big Pokey,"United States, Texas, Houston",Southern Hip Hop,NA,Person,FALSE,1977-12-04,unknown,Male,1977,688
670,56d8239553a7ddfc01f93ef7,Drama,"United States, Alabama, Sylacauga",Hip Hop,Atlantic Records,Person,FALSE,1981-12-26,unknown,Male,1981,670
659,56d7f81353a7ddfc01f9001f,Angela Winbush,"United States, Missouri, St. Louis",R&B,"Elektra, Hip-O, Island Records, Mercury Records",Person,FALSE,1955-01-28,unknown,Female,1955,659
653,56d813b953a7ddfc01f92775,Clifton Chenier,"United States, Louisiana, Opelousas","Cajun, R&B, Swamp Blues, Zydeco",Arhoolie Records,Person,TRUE,1925-06-25,1987-12-12,Male,1925,653
651,56d7f6f953a7ddfc01f8fe8f,Anderson East,"United States, Alabama, Athens","R&B, Pop",Elektra,Person,FALSE,1987,unknown,Male,1987,651
631,56d802c753a7ddfc01f91037,Big Jay McNeely,"United States, California, Los Angeles","Jump Blues, West Coast Blues, Jazz Blues, R&B",JSP Records,Person,FALSE,1927-04-29,unknown,Male,1927,631
630,56d824ba53a7ddfc01f940c7,Dyke And The Blazers,"United States, New York, Buffalo","R&B, Funk",Original Sound,Group,FALSE,1965,unknown,unknown,1965,630
623,56d7eb3226a8a3040c686a81,ABN,Belgium,Hip Hop,ARS Productions Records,Group,FALSE,1997,unknown,unknown,1997,623
588,56d8051553a7ddfc01f91346,Blazin' Squad,"England, London","Pop, Hip Hop",EastWest,Group,TRUE,2002,2006,unknown,2002,588
587,56d82bea53a7ddfc01f94aa2,Eyedea,"United States, Minnesota, Saint Paul",Hip Hop,Rhymesayers Entertainment,Person,TRUE,1981-11-09,2010-10-17,Male,1981,587
567,56d7f77953a7ddfc01f8ff4b,André 3000,"United States, Georgia, Atlanta","Funk, Hip Hop, Soul","GOOD Music, LaFace",Person,FALSE,1975-05-27,unknown,Male,1975,567
552,56d823ac53a7ddfc01f93f21,Dream Street,"United States, New York","Pop, R&B",Columbia,Group,TRUE,2000,2002,unknown,2000,552
529,56d7fe4353a7ddfc01f9099b,Baby Boy Da Prince,"United States, Louisiana, New Orleans",Hip Hop,Universal Republic,Person,FALSE,1986,unknown,Male,1986,529
528,56d7f61053a7ddfc01f8fd07,AMG,"United States, New York, Brooklyn",Hip Hop,Getti Records,Person,FALSE,1970-09-29,unknown,Male,1970,528
463,56d8177b53a7ddfc01f92d26,Cuban Link,"Cuba, La Habana, Havana","Hip Hop, Latin Hip Hop, Gangsta Rap, Reggaeton","Terror Squad, Atlantic Records",Person,FALSE,1974-12-18,unknown,Male,1974,463
456,56d805a253a7ddfc01f91415,Blowfly,"United States, Georgia, Cochran","Funk, R&B, Soul, Parody, Comedy, Proto Rap, Hip Hop","Pandisc Records, Weird World",Person,TRUE,1939-02-14,2016-01-17,Male,1939,456
430,56d7ff3153a7ddfc01f90b12,Bangs,"Australia, Victoria‎, Melbourne‎",Hip Hop,Independent,Person,FALSE,1990-09-28,unknown,Male,1990,430
409,56d80eaa53a7ddfc01f92178,Chalie Boy,"United States, Texas",Hip Hop,Dirty 3rd Records,Person,FALSE,1979-10-13,unknown,Male,1979,409
304,56d7e9e36b60c09814f93faa,A.L.T.,"United States, California, El Monte",Hip Hop,Atco Records,Person,FALSE,1970-05-17,unknown,Male,1970,304
304,56d8104953a7ddfc01f923b5,China (FR),France,"Jazz, R&B, Soul, Pop",Source,Person,FALSE,1978-01-09,unknown,Female,1978,304
288,56d822dc53a7ddfc01f93df2,Doris Troy,"United States, New York, The Bronx",R&B,"Apple Records, Atlantic Records, People Records",Person,TRUE,1937-01-06,2004-02-16,Female,1937,288
286,56d7f42153a7ddfc01f8f9dc,Algebra,"United States, Georgia, Atlanta","R&B, Neo Soul",BBE,Person,FALSE,1976,unknown,Female,1976,286
272,56d80d8853a7ddfc01f91fc1,Cassie Taylor,"United States, Colorado, Boulder","Blues, Rock, R&B, Jazz","Yellow Dog Records, Hypertension, Ruf Records",Person,FALSE,1986,unknown,Female,1986,272
268,56d800ec53a7ddfc01f90d83,Beldina,"Sweden, Stockholm, Stockholm","Pop, Soul, R&B",Farplane,Person,FALSE,1988,unknown,Female,1988,268
264,56d803eb53a7ddfc01f91198,Bionic Jive,"United States, Arizona, Phoenix","Heavy Metal, Rap Metal, Rapcore, Nu Metal",Interscope Records,Group,FALSE,1998,unknown,unknown,1998,264
258,56d8031653a7ddfc01f910bd,Bill Doggett,"United States, Pennsylvania, Philadelphia","Jazz, Blues, R&B",King Records,Person,TRUE,1916-02-16,1996-11-13,Male,1916,258
252,56d8126d53a7ddfc01f925ae,Chuck Willis,"United States, Georgia, Atlanta","Blues, R&B, Rock 'N' Roll","Atlantic Records, OKeh",Person,TRUE,1928-01-31,1958-04-10,Male,1928,252
215,56d8266653a7ddfc01f94330,Eino Antiwäkki,"Finland, Uusimaa, Järvenpää",Hip Hop,Skill Street Entertainment,Person,FALSE,1984,unknown,Male,1984,215
209,56d8248153a7ddfc01f94089,Duster Bennett,"Wales, Powys, Welshpool","Blues, R&B, Electric Blues, Soul","Indigo Recordings, Blue Horizon",Person,TRUE,1946-09-23,1976-03-26,Male,1946,209
182,56d8002453a7ddfc01f90c73,Baze,"Switzerland, Berne, Berne",Hip Hop,"Chlyklass Records, Nation Music",Person,FALSE,1980-04,unknown,Male,1980,182
181,56d8210c53a7ddfc01f93b46,DJ Envy,"United States, New York, Queens",Hip Hop,"Desert Storm Records, Koch Records",Person,FALSE,1977-09-03,unknown,Male,1977,181
179,56d802ce53a7ddfc01f91041,Big Kuntry King,"United States, Georgia, Atlanta",Hip Hop,Grand Hustle Records,Person,FALSE,1978,unknown,Male,1978,179
177,56d8031c53a7ddfc01f910cf,Bill Johnson,"United States, Georgia, Augusta","Soul, R&B",Sun Record Company,Person,FALSE,1932-10-16,unknown,Male,1932,177
102,56d8188f53a7ddfc01f92ee7,DaForce,"United States, California, Lancaster","Hip Hop, Experimental",Unknown Source Music,Person,FALSE,1977-11-09,unknown,Male,1977,102
94,56d8136e53a7ddfc01f92730,Clayborne Family,"United States, New York, The Bronx",Hip Hop,Number 6 Records,Group,FALSE,2002,unknown,unknown,2002,94
87,56d80afb53a7ddfc01f91beb,C.J. Chenier,"United States, Texas, Port Arthur","Cajun, R&B, Swamp Blues, Zydeco",Alligator Records,Person,FALSE,1957-09-28,unknown,Male,1957,87
85,56d8035f53a7ddfc01f91101,Billie Davis,"England, Surrey, Woking","Pop, Pop Rock, Soul, R&B","Decca Records, Columbia, United Artists Records, Philips, RCA Victor",Person,FALSE,1945-12-22,unknown,Female,1945,85
84,56d8258d53a7ddfc01f94200,"Eddie ""Cleanhead"" Vinson","United States, Texas, Houston","Bebop, Jump Blues, Jazz, R&B","King Records, Black And Blue, Official Records",Person,TRUE,1917-12-18,1988-07-02,Male,1917,84
75,56d7fe4e53a7ddfc01f909b4,Baby Washington,"United States, South Carolina, Bamberg","R&B, Soul","Chess Records, Ace Records",Person,FALSE,1940-11-13,unknown,Female,1940,75
69,56d8085453a7ddfc01f91810,Brenda & The Tabulations,"United States, Pennsylvania, Philadelphia",R&B,Shout! Records,Group,TRUE,1966,unknown,unknown,1966,69
57,56d80a1753a7ddfc01f91abd,Bull Moose Jackson,"United States, Ohio, Cleveland","Blues, R&B, Dirty Blues","Bogus Records, Charly Records, King Records",Person,TRUE,1919-04-22,1989-07-31,Male,1919,57
55,56d82c1353a7ddfc01f94ad9,F.R.,"Germany, Lower Saxony, Braunschweig",Hip Hop,"DEAG Music, Rec.On Entertainment",Person,FALSE,1990-01-19,unknown,Male,1990,55
51,56d7f63553a7ddfc01f8fd60,Amos Garrett,"Canada, Ontario, Toronto","Blues, Pop, Jazz, R&B, Rock","Stony Plain Records, Dreamsville Records",Person,FALSE,1941-11-26,unknown,Male,1941,51
48,56d82b0653a7ddfc01f94934,Eumir Deodato,"Brazil, Rio de Janeiro, Rio de Janeiro","Singer-Songwriter, Brazilian, Bossa Nova, Jazz, Jazz-Funk, Pop, R&B","CTI Records, MCA Records, Mercury Records, Warner Music Group, Atlantic Records, Fontana",Person,FALSE,1943-06-22,unknown,Male,1943,48
46,56d7f89b53a7ddfc01f90111,Ann Cole,"United States, New Jersey, Newark","Soul, R&B, Gospel",MGM Records,Person,TRUE,1934-01-24,1986-11,Female,1934,46
43,56d8127053a7ddfc01f925b6,Chuck D,"United States, New York, Roosevelt",Hip Hop,Mercury Records,Person,FALSE,1960-08-01,unknown,Male,1960,43
35,56d8258453a7ddfc01f941f5,Ed O.G.,"United States, Massachusetts, Roxbury",Hip Hop,"Mercury Records, PolyGram, Fat Beats Records, Duck Down Records",Person,FALSE,1970-11-27,unknown,Male,1970,35
25,56d7ff4e53a7ddfc01f90b40,Barbara George,"United States, Louisiana, New Orleans",R&B,Ripete Records,Person,TRUE,1942-08-16,2006-08-10,Female,1942,25
18,56d7effb56847be81b3e8d5a,Ahmad,"United States, California, Los Angeles",Hip Hop,Reprise Records,Person,FALSE,1975-10-12,unknown,Male,1975,18
13,56d80b8e53a7ddfc01f91cd1,Calvin Boze,"United States, Texas, Trinity County","Blues, R&B, Jump Blues","Route 66, Oldies 45",Person,TRUE,1916-10-15,1970-06,Male,1916,13
10,56d8072b53a7ddfc01f91636,Boo & Gotti,"United States, Illinois, Chicago","Hip Hop, Midwest Rap","Cash Money Records, Universal Records",Group,TRUE,2001,2003,unknown,2001,10
9,56d7fdf953a7ddfc01f90946,B.A.M.A.,United States,Southern Hip Hop,Hot Tracks,Group,FALSE,2004-07,unknown,unknown,2004,9
9,56d8205953a7ddfc01f93a0f,Dipset,"United States, New York, Harlem",Hip Hop,Koch Records,Group,FALSE,2002,unknown,unknown,2002,9
9,56d81e2a53a7ddfc01f93705,Denny Laine,"England, West Midlands, Birmingham","Rock 'N' Roll, Blues Rock, R&B, Jazz Fusion","Arista, Decca Records, EMI, Global Records, Griffin Records, President Records, Reprise Records, Takoma",Person,FALSE,1944-10-29,unknown,Male,1944,9
9,56d81f7653a7ddfc01f938f4,Die Dumme Dänen,"Denmark, Region Hovedstaden, Copenhagen","Heavy Metal, Hip Hop",Sony BMG,Group,FALSE,2005,unknown,unknown,2005,9
8,56d7effc56847be81b3e8d5d,Ahmaad Aspen,"The Bahamas, Grand Bahama, Freeport","Pop, R&B, Country, Hip Hop","Ahmaad Records, Music Kickup Records",Person,FALSE,1995-02-14,unknown,Male,1995,8
5,56d80b9153a7ddfc01f91cd9,Calvin Mackenzie,South Africa,"Pop, R&B, Dance",NA,Person,FALSE,1989-02-20,unknown,Male,1989,5
3,56d80b9153a7ddfc01f91cd8,Calvin Crabtree,"United States, Indiana, Columbus","Pop, Gangsta Rap",NA,Person,FALSE,1983-08-08,unknown,Male,1983,3
3,56d8195c53a7ddfc01f9302b,Dani Stevenson,"United States, Georgia, Atlanta","R&B, Hip Hop","Elektra, Universal Records",Person,FALSE,1980,unknown,Female,1980,3
2,56d81cad53a7ddfc01f934ed,Dear Pricey,"Barbados, Saint Michael",Hip Hop,MoneyEntrè Music Group,Person,FALSE,1990-04-25,unknown,Male,1990,2
1,56d8219653a7ddfc01f93c3e,DM & Jemini,United States,Hip Hop,Lex Records,Person,FALSE,1977-07-29,unknown,Male,1977,1
0,56d817b153a7ddfc01f92d87,Curtis Dayne,"United States, New York, Manhattan","Techno, Dance, Hip Hop, R&B",Unknown Source Music,Person,FALSE,1978-11-10,unknown,Male,1978,0
