deezerFans,id,name,locationInfo,genres,labels,type,lifeSpan.ended,lifeSpan.begin,lifeSpan.end,gender
14086223,56d8116053a7ddfc01f924dc,Chris Willis,"United States, Ohio, Dayton","Gospel, R&B",NA,Person,FALSE,unknown,unknown,Male
10670561,56d828be53a7ddfc01f945ee,Eminem,"United States, Michigan, Detroit",Hip Hop,"Aftermath Entertainment, Interscope Records, Shady Records",Person,FALSE,1972-10-17,unknown,Male
9288697,56d8239053a7ddfc01f93eef,Drake,"Canada, Ontario, Toronto","Hip Hop, R&B","Cash Money Records, Universal Motown, Young Money Entertainment",Person,FALSE,1986-10-24,unknown,Male
8100945,56d8025b53a7ddfc01f90fa0,Beyoncé,"United States, Texas, Houston","R&B, Soul, Pop",Columbia,Person,FALSE,1981-09-04,unknown,Female
7850367,56d8258553a7ddfc01f941f7,Ed Sheeran,"England, West Yorkshire, Halifax","Acoustic, Folk, Grime, Hip Hop","Asylum Records, Atlantic Records, Elektra",Person,FALSE,1991-02-17,unknown,Male
6265949,56d8097c53a7ddfc01f919db,Bruno Mars,"United States, Hawaii, Waikiki","Pop, R&B","Atlantic Records, Elektra",Person,FALSE,1985-10-08,unknown,Male
5537373,56d824f853a7ddfc01f94121,E-White,"United States, California, Long Beach",Hip Hop,Universal Records,Person,FALSE,unknown,unknown,Male
4368818,56d7faaa53a7ddfc01f9043a,Ariana Grande,"United States, Florida, Boca Raton","Pop, R&B",Republic Records,Person,FALSE,1993-06-26,unknown,Female
3047104,56d8235a53a7ddfc01f93eae,Dr. Dre,"United States, California, Compton","Hip Hop, R&B","Priority Records, Death Row Records, Aftermath Entertainment, Interscope Records",Person,FALSE,1965-02-18,unknown,Male
2468178,56d7f67053a7ddfc01f8fda7,Amy Winehouse,"England, London, Southgate","R&B, Soul, Jazz, Pop","Island Records, Republic Records, Universal Republic",Person,TRUE,1983-09-14,2011-07-23,Female
2395469,56d8119953a7ddfc01f9252e,Christina Aguilera,"United States, Pennsylvania, Pittsburgh","Dance-Pop, Jazz, Pop, R&B, Teen Pop",RCA Records,Person,FALSE,1980-12-18,unknown,Female
1076708,56d80d5f53a7ddfc01f91f96,Casino,"United States, Georgia, Atlanta",Hip Hop,Freebandz Entertainment,Person,FALSE,unknown,unknown,Male
1031038,56d7faa353a7ddfc01f90428,Aretha Franklin,"United States, Tennessee, Memphis","Soul, R&B, Jazz, Blues, Gospel","Arista, Columbia, Atlantic Records, EMI",Person,FALSE,1942-03-25,unknown,Female
1025067,56d816ee53a7ddfc01f92c64,Cro,"Germany, Baden-Württemberg, Stuttgart","Hip Hop, Pop",Chimperator Productions,Person,FALSE,unknown,unknown,Male
907769,56d8205853a7ddfc01f93a0a,Diplo,"United States, Mississippi, Tupelo","Hip Hop, Dancehall","Big Dada Recordings, Mad Decent",Person,FALSE,1978-11-10,unknown,Male
867849,56d7e9cc6b60c09814f93f74,A$AP Rocky,"United States, New York, New York City",Hip Hop,"Sony Music Entertainment, RCA Records",Person,FALSE,1988-10-03,unknown,Male
839076,56d7fe3253a7ddfc01f9097c,B.B. King,"United States, Mississippi, Itta Bena","R&B, Blues, Memphis Blues, Blues Rock","Geffen Records, Interscope Records, Universal Records, RPM Records, Crown Records, ABC Records, MCA Records, Reprise Records, Warner Bros. Records, Virgin Records, EMI",Person,TRUE,1925-09-16,2015-05-14,Male
809764,56d802eb53a7ddfc01f91078,Big Time Rush,"United States, California, Los Angeles","Pop, R&B, Dance, Electronic Rock","Columbia, Nick Records",Group,FALSE,2009-08-01,unknown,unknown
701948,56d821a353a7ddfc01f93c4f,DMX,"United States, New York, Yonkers",Hip Hop,NA,Person,FALSE,1970-12-18,unknown,Male
701945,56d802e153a7ddfc01f91068,Big Stan,United States,Hip Hop,Def Jam Recordings,unknown,FALSE,unknown,unknown,unknown
563150,56d8200053a7ddfc01f939b3,Dillon Francis,"United States, California, Los Angeles","Electro House, Trap, Dubstep, Progressive House","Mad Decent, OWSLA",Person,FALSE,1987-10-05,unknown,Male
533054,56d80a8853a7ddfc01f91b58,Bushido,"Germany, North Rhine-Westphalia, Bonn",Hip Hop,NA,Person,FALSE,1978-09-28,unknown,Male
483984,56d81f3b53a7ddfc01f9388e,Diana Ross & Marvin Gaye,"United States, Michigan, Detroit, United States, Washington, D.C.",R&B,Motown,unknown,FALSE,unknown,unknown,unknown
483984,56d81f3c53a7ddfc01f93890,Diana Ross,"United States, Michigan, Detroit","R&B, Soul, Pop, Disco, Jazz","Motown, RCA Records, EMI",Person,FALSE,1944-03-26,unknown,Female
452843,56d8229053a7ddfc01f93d9e,Donna Summer,"United States, Massachusetts, Boston","Pop, Funk, Soul, R&B, Disco","Epic Records, Casablanca Records, PolyGram",Person,TRUE,1948-12-31,2012-05-17,Female
445363,56d7ffd953a7ddfc01f90bff,Barry White,"United States, Texas, Galveston","R&B, Soul","20th Century Records, A&M Records",Person,TRUE,1944-09-12,2003-07-04,Male
437624,56d8284d53a7ddfc01f9455f,Elza Soares,"Brazil, Rio de Janeiro, Rio de Janeiro","Singer-Songwriter, Brazilian, MPB, Samba, Bossa Nova, Sambalanço, Hip Hop","Dubas, Odeon, Universal Music Group",Person,FALSE,1937-06-23,unknown,Female
431612,56d7fe4953a7ddfc01f909ac,Baby Rasta Y Gringo,Puerto Rico,"Reggaeton, Hip Hop","Eme Music, Universal Music",Group,FALSE,unknown,unknown,unknown
413844,56d8286353a7ddfc01f94592,Emeli Sandé,"England, London","Soul, R&B, Pop",Virgin Records,Person,FALSE,1987-03-10,unknown,Female
372643,56d82b1253a7ddfc01f9494f,Eurythmics,"England, London","Rock, Synthpop, R&B, New Wave","RCA Records, Virgin Records, Arista",Group,FALSE,1980,unknown,unknown
370335,56d8127a53a7ddfc01f925c6,Chuck Berry,"United States, Missouri, Overland","Rock, R&B, Rock 'N' Roll","Chess Records, Mercury Records, Atco Records",Person,FALSE,1926-10-18,unknown,Male
315815,56d81f6353a7ddfc01f938d5,Diddy,"United States, New York, New York City","Hip Hop, Pop, R&B","Arista, Epic Records",Person,FALSE,1969-11-04,unknown,Male
310060,56d8005553a7ddfc01f90cc3,Beastie Boys,"United States, New York, New York City","Hip Hop, Alternative Hip Hop, Punk Rock, Rapcore, Hardcore Punk","Def Jam Recordings, Capitol Records, Grand Royal",Group,TRUE,1979,2014,unknown
304250,56d8081553a7ddfc01f917aa,Brandy,"United States, Mississippi, McComb",R&B,RCA Records,Person,FALSE,1979-02-11,unknown,Female
283503,56d82ba053a7ddfc01f94a37,Example,"England, London, Hammersmith","Dance, Electronic, Hip Hop, Post-Punk",Data Records,Person,FALSE,1982-06-20,unknown,Male
270665,56d80eaa53a7ddfc01f9217b,Chaka Khan,"United States, Illinois, Great Lakes","R&B, Pop, Funk, Jazz","ABC Records, MCA Records, Warner Bros. Records, Reprise Records, NPG Records, Burgundy Records",Person,FALSE,1953-03-23,unknown,Female
263567,56d807cd53a7ddfc01f9171f,Boyz II Men,"United States, Pennsylvania, Philadelphia","New Jack Swing, R&B, Soul","Arista, Decca Records, Koch Records, Motown, Universal Records",Group,FALSE,1988,unknown,unknown
241516,56d829ef53a7ddfc01f94790,Ercandize,"Germany, North Rhine-Westphalia",Hip Hop,"Optik Records, Assazeen",Person,FALSE,1978-04-12,unknown,Male
230263,56d8035d53a7ddfc01f910fc,Bill Withers,"United States, West Virginia, Slab Fork","Soul, R&B, Blues, Pop","Sussex Records, Columbia",Person,FALSE,1938-07-04,unknown,Male
208344,56d81d8d53a7ddfc01f9361e,Deichkind,"Germany, Hamburg, Hamburg","Hip Hop, Electro, Techno, Synthpop","WEA, Island Records, EastWest",Group,FALSE,1999,unknown,unknown
207241,56d7f0a856847be81b3e8e5e,Al Green,"United States, Arkansas, Forrest City","Soul, Gospel, R&B","Hi, Motown, Myrrh Records",Person,FALSE,1946-04-13,unknown,Male
200980,56d7f51d53a7ddfc01f8fb5e,Aloe Blacc,"United States, California, Orange County","Soul, R&B, Jazz, Hip Hop, Funk","Interscope Records, Stones Throw Records, Vertigo",Person,FALSE,1979-01-07,unknown,Male
191764,56d7f0b156847be81b3e8e68,Al Jarreau,"United States, Wisconsin, Milwaukee","Jazz, Vocal, Bebop, Funk, Smooth Jazz, Pop Rock, R&B, Soul, Vocalese","GRP Records, Rhino Records, Warner Bros. Records",Person,TRUE,1940-03-12,2017-02-12,Male
188097,56d7f12a56847be81b3e8efe,Albert King,"United States, Indiana, Indianapolis","Blues, Memphis Blues, R&B","Stax Records, King Records",Person,TRUE,1923-04-25,1992-12-21,Male
182277,56d8203653a7ddfc01f939e0,Dinah Washington,"United States, Alabama, Tuscaloosa","Blues, Gospel, Jazz, Pop, R&B",Mercury Records,Person,TRUE,1924-08-29,1963-12-14,Female
180925,56d8028753a7ddfc01f90ff6,Big Bang,South Korea,"K-Pop, J-Pop, Hip Hop, R&B, Pop",YG Entertainment,Group,FALSE,2006-08-19,unknown,unknown
174163,56d7fbab53a7ddfc01f905ce,Ashanti,"United States, New York, Glen Cove",R&B,"Jive Records, Epic Records",Person,FALSE,1980-10-13,unknown,Female
166363,56d7fe4e53a7ddfc01f909b5,Babyface,"United States, Indiana, Indianapolis","New Jack Swing, R&B, Soul",Epic Records,Person,FALSE,1959-04-10,unknown,Male
156443,56d814db53a7ddfc01f92949,Commodores,"United States, Alabama, Tuskegee","Funk, Soul, R&B","Motown, Rare Earth, Polydor",Group,FALSE,1968,unknown,unknown
150284,56d80fce53a7ddfc01f9232e,Cheryl Lynn,"United States, California, Los Angeles","R&B, Soul","Columbia, Manhattan Records, Virgin Records",Person,FALSE,1957-03-11,unknown,Female
139754,56d8157c53a7ddfc01f92a34,Coolio,"United States, California, Compton",Hip Hop,NA,Person,FALSE,1963-08-01,unknown,Male
134673,56d7fdb553a7ddfc01f908f1,Azealia Banks,"United States, New York, Harlem","Alternative Hip Hop, Experimental, Hip House","Interscope Records, Polydor",Person,FALSE,1991-05-31,unknown,Female
125878,56d7f3ef53a7ddfc01f8f993,Alexandra Burke,"England, London, Islington",R&B,Syco Music,Person,FALSE,1988-08-25,unknown,Female
114661,56d7ffe353a7ddfc01f90c18,Bassnectar,"United States, California, San Francisco","Dubstep, Breakbeat, Glitch, Hip Hop","Om Records, Child's Play Records",Person,FALSE,1977-02-19,unknown,Male
114536,56d80e2253a7ddfc01f920b0,Cee Lo Green,"United States, Georgia, Atlanta","R&B, Soul",Elektra,Person,FALSE,1974-05-30,unknown,Male
113012,56d8105953a7ddfc01f923d1,Chinx,"United States, New York, Queens",Hip Hop,Evil Empire,Person,TRUE,1983-12-04,2015-05-17,Male
107835,56d81f7853a7ddfc01f938f7,Die Fantastischen Vier,"Germany, Baden-Württemberg, Stuttgart",Hip Hop,Four Music,Group,FALSE,1989-07-07,unknown,unknown
107173,56d81c2f53a7ddfc01f93441,De La Soul,"United States, New York, Long Island","Hip Hop, Jazz Rap","Tommy Boy, Sanctuary Records, AOI Records",Group,FALSE,1987,unknown,unknown
107113,56d824f153a7ddfc01f94119,E-40,"United States, California, Vallejo",Hip Hop,EMI,Person,FALSE,1967-11-15,unknown,Male
107102,56d817b953a7ddfc01f92d92,Curtis Mayfield,"United States, Illinois, Chicago","Funk, R&B, Soul","Curtom Records, Charly Records",Person,TRUE,1942-06-03,1999-12-26,Male
103883,56d8070653a7ddfc01f91604,Bone Thugs-N-Harmony,"United States, Ohio, Cleveland",Hip Hop,Universal Music,Group,FALSE,1993,unknown,unknown
95160,56d7fb8753a7ddfc01f90590,Asa,"Finland, Uusimaa, Helsinki",Hip Hop,Roihis Musica,Person,FALSE,unknown,unknown,Male
91671,56d807e453a7ddfc01f91749,Brad Wilk,"United States, California, Irvine","Alternative Metal, Rap Metal, Funk Metal, Alternative Rock, Hard Rock",NA,Person,FALSE,1968-09-05,unknown,Male
91453,56d8205453a7ddfc01f93a03,Dionne Warwick,"United States, New Jersey, East Orange","Soul, R&B, Soft Rock, Pop, Easy Listening, Jazz, Gospel, Pop, Adult Contemporary","Arista, Scepter Records, Motown, Rhino Records, Disques Vogue, Columbia, Fontana, Rozenblit, Pye Records, Atlantic Records, CBS Records, Metronome Records, Polydor, Ariola, ABC Records, Universal Music, Collectables, Warner Music Group",Person,FALSE,1940-12-12,unknown,Female
91382,56d81ab753a7ddfc01f9321e,Datsik,"Canada, British Columbia, Kelowna","Electro House, Dubstep, Trap","Dim Mak Records, Rottun Recordings, Basshead, SMOG, Firepower Records",Person,FALSE,1988-06-09,unknown,Male
81616,56d8103853a7ddfc01f92391,Childish Gambino,"United States, California, Los Angeles","Underground Hip Hop, Alternative Hip Hop, R&B, Pop",NA,Person,FALSE,1983-09-25,unknown,Male
78453,56d81c1853a7ddfc01f9341e,Dc Talk,"United States, Virginia, Lynchburg","Christian Hip Hop‎, Hip Hop, Rock","ForeFront Records, Virgin Records",Group,TRUE,1987,2001,unknown
73977,56d7fb0553a7ddfc01f904ba,Army Of The Pharaohs,"United States, Pennsylvania, Philadelphia","Hip Hop, Underground Hip Hop, Hardcore Hip Hop","Babygrande Records, Enemy Soil",Group,FALSE,1998,unknown,unknown
73762,56d815c453a7ddfc01f92a8b,Corinne Bailey Rae,"England, West Yorkshire, Leeds","R&B, Soul","EMI, Capitol Records, Virgin Records",Person,FALSE,1979-02-26,unknown,Female
71857,56d8182453a7ddfc01f92e1b,CéU,"Brazil, São Paulo, São Paulo","Singer-Songwriter, Brazilian, MPB, Bossa Nova, Soul, R&B, Jazz, Hip Hop","Indigo, Universal Music Group, Warner Music Group",Person,FALSE,1980-04-17,unknown,Female
70868,56d813f953a7ddfc01f927e7,Clueso,"Germany, Thuringia, Erfurt","Singer-Songwriter, Hip Hop, Reggae, Folk",Four Music,Person,FALSE,1980-04-09,unknown,Male
68503,56d7fdae53a7ddfc01f908e5,Azad,"Germany, Hesse, Frankfurt am Main",Hip Hop,Bozz Music,Person,FALSE,1973-11-24,unknown,Male
68198,56d8106153a7ddfc01f923e2,Chipmunk,"England, London, Tottenham","Hip Hop, Grime, R&B",NA,Person,FALSE,1990-11-26,unknown,Male
65931,56d81a0e53a7ddfc01f93133,Dappy,"England, London, Camden",Hip Hop,"Polydor, All Around The World, Def Jam Recordings",Person,FALSE,1987-06-11,unknown,Male
65470,56d806aa53a7ddfc01f91587,Bobby Womack,"United States, Ohio, Cleveland","Doo-wop, Funk, Gospel, Jazz, R&B, Rock, Rock 'N' Roll, Soul, Soul Blues","MCA Records, Columbia, United Artists Records",Person,TRUE,1944-03-04,2014-06-27,Male
65390,56d8010153a7ddfc01f90da6,Bella Thorne,"United States, Florida, Pembroke Pines","Pop, R&B",FaceTone Entertainment,Person,FALSE,1997-10-08,unknown,Female
61976,56d7f63853a7ddfc01f8fd68,Amos Lee,"United States, Pennsylvania, Philadelphia","Soul, R&B, Folk, Singer-Songwriter",Blue Note,Person,FALSE,1977-06-22,unknown,Male
58531,56d8243e53a7ddfc01f9400b,Dubioza Kolektiv,Bosnia and Herzegovina,"Rap Rock, Reggae, Ska, Dub, Funk Rock","Gramofon, Menart Records",Group,FALSE,2003,unknown,unknown
58475,56d7f43753a7ddfc01f8fa07,Alias (US),"United States, Maine, Hollis",Alternative Hip Hop,"Anticon, Mush Records",Person,FALSE,unknown,unknown,Male
58423,56d828f753a7ddfc01f94658,En Vogue,"United States, California, Oakland","R&B, Pop","Atlantic Records, EastWest Records America, 33rd Street Records",Group,FALSE,1988-07-18,unknown,unknown
56442,56d8258153a7ddfc01f941f2,Ed Motta,"Brazil, Rio de Janeiro, Rio de Janeiro","Singer-Songwriter, MPB, Latin, Samba, Salsa, Soul, R&B, Funk, Reggae","WEA, Universal Music Group, Warner Music Group",Person,FALSE,1971-08-17,unknown,Male
54685,56d804b153a7ddfc01f912b0,Black-Ty,"United States, California, Los Angeles",Hip Hop,RCA Records,Person,FALSE,1978-12-30,unknown,Male
54442,56d8228353a7ddfc01f93d86,DonGURALesko,"Poland, Greater Poland Voivodeship, Poznań",Hip Hop,"Wielkie Joł, Szpadyzor Records",Person,FALSE,1980-03-08,unknown,Male
54370,56d8186453a7ddfc01f92e80,D12,"United States, Michigan, Detroit",Hip Hop,Interscope Records,Group,FALSE,1996,unknown,unknown
52588,56d8013c53a7ddfc01f90de3,Ben E. King,"United States, New York, New York City",R&B,"Atco Records, Atlantic Records",Person,TRUE,1938-09-28,2015-04-30,Male
51151,56d7eaf726a8a3040c686a2a,Abd Al Malik,"France, Alsace, Strasbourg",Hip Hop,Atmosphériques,Person,FALSE,1975-03-14,unknown,Male
51083,56d821b653a7ddfc01f93c71,Doc Gynéco,"France, Île-de-France‎, Clichy","G-Funk, Hip Hop",Virgin France,Person,FALSE,1974-07-07,unknown,Male
49455,56d7f7b353a7ddfc01f8ffa7,Andy Mineo,"United States, New York, New York City",Christian Hip Hop,Reach Records,Person,FALSE,1988-04-17,unknown,Male
48586,56d8210f53a7ddfc01f93b4b,DJ Drama,"United States, Pennsylvania, Philadelphia",Hip Hop,Gangsta Grillz,Person,FALSE,1978-04-22,unknown,Male
46584,56d7fe4a53a7ddfc01f909b0,Baby Rasta,Puerto Rico,"Reggaeton, Hip Hop","Eme Music, Universal Music",Person,FALSE,unknown,unknown,unknown
44217,56d802d153a7ddfc01f91049,Big Mama Thornton,"United States, Alabama, Ariton","Blues, Texas Blues, R&B","Ace Records, Arhoolie Records, Mercury Records, Peacock Records, Vanguard",Person,TRUE,1926-12-11,1984-07-25,Female
43471,56d80fa753a7ddfc01f922e2,Chef'Special,"The Netherlands, North Holland, Haarlem","Pop, Funk, Hip Hop, Rock, Ska","Kaiser Records, Fueled By Ramen",Group,FALSE,2008,unknown,unknown
40136,56d8251653a7ddfc01f94151,Earl Sweatshirt,"United States, California, Sacramento",Alternative Hip Hop,NA,Person,FALSE,1994-02-24,unknown,Male
39151,56d7ee4c56847be81b3e8a3d,Ace Wilder,"Sweden, Stockholm","Pop, Hip Hop","EMI, Warner Music Sweden",Person,FALSE,1982-07-23,unknown,Female
37557,56d7f0dd56847be81b3e8e98,Alaine,"United States, New Jersey","Dancehall, R&B, Reggae, Ska",Chimney Records,Person,FALSE,1978-09-21,unknown,Female
37236,56d81c2553a7ddfc01f93434,De Jeugd Van Tegenwoordig,"The Netherlands, North Holland, Amsterdam","Hip Hop, Electronic","TopNotch, Magnetron Music",Group,FALSE,unknown,unknown,unknown
35896,56d8004353a7ddfc01f90caf,Beast (KR),South Korea,"K-Pop, Dance, R&B","Cube Entertainment, Universal Music Group",Group,FALSE,2009-10-16,unknown,unknown
35845,56d7f3af53a7ddfc01f8f8e8,Alesha Dixon,"England, Hertfordshire, Welwyn Garden City","Pop, R&B, Soul, Funk","Polydor, Asylum Records",Person,FALSE,1978-10-07,unknown,Female
34959,56d7ef8d56847be81b3e8c72,Afroman,"United States, California, Palmdale","Hip Hop, Comedy","Hungry Hustler Records, Universal Records",Person,FALSE,1974-07-29,unknown,Male
31491,56d826c353a7ddfc01f94399,El Matador,"France, Champagne-Ardenne, Reims",Hip Hop,Up Music,Group,FALSE,unknown,unknown,unknown
31205,56d81e1753a7ddfc01f936da,Deniece Williams,"United States, Indiana, Gary","Soul, R&B, Gospel","Columbia, Shanachie, Sparrow Records",Person,FALSE,1950-06-03,unknown,Female
30804,56d8007b53a7ddfc01f90cfa,BeBe & CeCe Winans,"United States, Michigan, Detroit","Gospel, Contemporary Christian, R&B","Capitol Records, EMI, Sparrow Records",Group,FALSE,unknown,unknown,unknown
30645,56d80fa453a7ddfc01f922d8,Cheek,"Finland, Päijänne Tavastia, Lahti",Hip Hop,"Sony Music Entertainment, Rähinä Records",Person,FALSE,unknown,unknown,unknown
29834,56d7fc7b53a7ddfc01f9070c,Atmosphere,"United States, Minnesota, Minneapolis",Hip Hop,"Rhymesayers Entertainment, Warner Music Group, Epitaph Records, Fat Beats Records",Group,FALSE,1994,unknown,unknown
28814,56d8168153a7ddfc01f92bdb,Crazy Town,"United States, California, Los Angeles","Alternative Rock, Nu Metal, Rap Rock","Columbia, Membran",Group,FALSE,1995,unknown,unknown
27564,56d8055753a7ddfc01f913be,Block B,"South Korea, Seoul","Hip Hop, Pop, Dance, K-Pop, R&B",Stardom,Group,FALSE,2011,unknown,unknown
26779,56d82c9e53a7ddfc01f94b97,Falco,"Austria, Vienna, Vienna","Singer-Songwriter, Pop, Rock, Glam Rock, New Wave, Hip Hop","A&M Records, Teldec, WEA, EMI, Sing Sing",Person,TRUE,1957-02-19,1998-02-06,Male
26774,56d7eb4326a8a3040c686aa8,Abra,Philippines,Hip Hop,Artifice Records,Person,FALSE,unknown,unknown,Male
26499,56d803af53a7ddfc01f91154,Billy Ocean,"Trinidad and Tobago, Trinidad, Fyzabad","R&B, Pop, Soul","Jive Records, Epic Records",Person,FALSE,1950-01-21,unknown,Male
24907,56d7f07756847be81b3e8e09,Aketo,"France, Île-de-France, Deuil-la-Barre",French Hip Hop,Desh Musique,Person,FALSE,1980-08-30,unknown,Male
24377,56d826f053a7ddfc01f943df,Elastinen,"Finland, Uusimaa, Helsinki",Hip Hop,Rähinä Records,Person,FALSE,1981-04-18,unknown,Male
22900,56d7f03a56847be81b3e8dd1,AJ,"United States, Illinois, Chicago",Hip Hop,Wine-O Records,Person,FALSE,unknown,unknown,unknown
22276,56d80c1753a7ddfc01f91d87,Canon,"United States, Illinois, Chicago",Christian Hip Hop,Reflection Music Group,Person,FALSE,1989-03-01,unknown,Male
20689,56d8028f53a7ddfc01f91001,Big Boi,"United States, Georgia, Atlanta",Hip Hop,Def Jam Recordings,Person,FALSE,1975-02-01,unknown,Male
20632,56d803ed53a7ddfc01f9119e,Biohazard,"United States, New York, Brooklyn","Hardcore Punk, Heavy Metal, Rap Metal","Mercury Records, Nuclear Blast, Roadrunner Records, Sanctuary Records, Warner Bros. Records",Group,FALSE,1988,unknown,unknown
20525,56d8234053a7ddfc01f93e83,Down With Webster,"Canada, Ontario, Toronto","Rap Rock, Hip Hop, Pop Rock",Universal Motown,Group,FALSE,1998,unknown,unknown
19744,56d814bc53a7ddfc01f9290e,Colt Ford,"United States, Georgia, Athens",Country Rap,Average Joe's Entertainment,Person,FALSE,1970,unknown,Male
19704,56d80d7e53a7ddfc01f91fb1,Cassandra Steen,"Germany, Baden-Württemberg, Ostfildern","Soul, R&B, Pop",Universal Records,Person,FALSE,1980-02-09,unknown,Female
19465,56d8119d53a7ddfc01f92534,Christina Milian,"United States, New Jersey, Jersey City","Pop, R&B","Cash Money Records, Interscope Records, Def Jam Recordings, Island Records, MySpace Records, Radio Killa Records, The INC Records",Person,FALSE,1981-09-26,unknown,unknown
18201,56d805ef53a7ddfc01f9149c,Blumentopf,"Germany, Bavaria, Freising",Hip Hop,Four Music,Group,TRUE,1992,2016-10-22,unknown
18092,56d81eaa53a7ddfc01f937d1,Deuce,"United States, California, Los Angeles","Rock, Hip Hop",NA,Group,FALSE,1978,unknown,unknown
17907,56d8213d53a7ddfc01f93b7c,DJ Koze,"Germany, Schleswig-Holstein, Flensburg","Techno, Tech House, Minimal Techno, Hip Hop","Kompakt, Pampa Records",Person,FALSE,1972,unknown,Male
17429,56d7fbfd53a7ddfc01f90644,Assassin (FR),"France, Île-de-France, Paris",Hip Hop,"Delabel, Livin' Astro",Group,FALSE,1985,unknown,unknown
17329,56d8093053a7ddfc01f9196f,Brooke Candy,"United States, California, Oxnard",Hip Hop,Independent,Person,FALSE,1989-07-20,unknown,Female
16534,56d81a8d53a7ddfc01f931f3,Das EFX,"United States, Virginia, Petersburg",Hip Hop,EastWest Records America,Group,FALSE,1988,unknown,unknown
16523,56d8159153a7ddfc01f92a62,Corbin Bleu,"United States, New York, Brooklyn","Pop, R&B",Hollywood Records,Person,FALSE,1989-02-21,unknown,Male
16328,56d81cc653a7ddfc01f93510,Death Grips,"United States, California, Sacramento",Experimental Hip Hop,"Warp Records, Epic Records, Harvest Records",Group,FALSE,2010-12-21,unknown,unknown
16058,56d7fdfb53a7ddfc01f90948,B.A.P,"South Korea, Seoul","K-Pop, Hip Hop, R&B, Rock",NA,Group,FALSE,2012,unknown,unknown
16005,56d80c3153a7ddfc01f91db5,Capital Kings,"United States, Washington, D.C.",Christian Hip Hop,Gotee Records,Group,FALSE,2010,unknown,unknown
15942,56d8010b53a7ddfc01f90db9,Belleruche,England,Contemporary R&B,Tru Thoughts,Group,FALSE,unknown,unknown,unknown
15879,56d81e1153a7ddfc01f936cd,Dendemann,"Germany, North Rhine-Westphalia, Menden",Hip Hop,NA,Person,FALSE,1974-06-27,unknown,Male
15571,56d80d5a53a7ddfc01f91f87,Casey Veggies,"United States, California, Los Angeles",Alternative Hip Hop,NA,Person,FALSE,1993-07-18,unknown,Male
14362,56d80a1353a7ddfc01f91ab1,Buka,"Poland, Pomeranian Voivodeship, Gdańsk",Hip Hop,Max Flo Records,Person,FALSE,unknown,unknown,unknown
14346,56d7fc8c53a7ddfc01f90727,Attack Attack!,"United States, Ohio, Columbus","Post-Hardcore, Electronica, Electro, Dubstep, Dance, Metalcore, R&B",Rise Records,Group,TRUE,2005,2013,unknown
14148,56d8263c53a7ddfc01f942e2,Edyta Górniak,"Poland, Lower Silesian Voivodeship, Ziębice","Pop, R&B","EMI, Toshiba-EMI, Virgin Records",Person,FALSE,1972-11-14,unknown,Female
13456,56d7ef6756847be81b3e8c53,Aesop Rock,"United States, New York, New York City","Underground Hip Hop, Alternative Hip Hop, Hip Hop","Mush Records, Definitive Jux",Person,FALSE,1976-05-11,unknown,Male
13016,56d80e1a53a7ddfc01f92098,CeCe Winans,"United States, Michigan, Detroit","Contemporary Christian, Gospel, R&B, Worship","Atlantic Records, Sparrow Records",Person,FALSE,1964-10-08,unknown,Female
12638,56d809ec53a7ddfc01f91a6c,Buddy Miles,"United States, Nebraska, Omaha","Rock, R&B, Funk",Mercury Records,Person,TRUE,1947-09-05,2008-02-26,Male
12616,56d7e9d76b60c09814f93f8e,A.B.N.,"United States, Texas, Houston",Hip Hop,Rap-A-Lot Records,Group,FALSE,unknown,unknown,unknown
12504,56d8195553a7ddfc01f9301c,Danger Mouse,"United States, New York, White Plains","Hip Hop, Alternative Rock, Neo-Psychedelia, Electronica, Neo Soul, Alternative Hip Hop, Indie Rock, Folk Rock, Ambient","Capitol Records, EMI, Lex Records",Person,FALSE,1977-07-29,unknown,Male
12409,56d8227953a7ddfc01f93d75,Donatan,"Poland, Lesser Poland Voivodeship, Kraków","Hip Hop, Folk",Urban Rec,Person,FALSE,1983-09-02,unknown,Male
12174,56d8030653a7ddfc01f910a8,Bilderbuch,"Austria, Upper Austria, Kremsmünster","Rock, Art Punk, Progressive Rock, Indie Rock, Hip Hop",NA,Group,FALSE,2005,unknown,unknown
11887,56d7f69353a7ddfc01f8fddd,Ana Tijoux,Chile,"Hip Hop, Pop, Trip Hop, Contemporary R&B, R&B","Nacional Records, Relativity Records",Person,FALSE,1977-06-12,unknown,Female
11885,56d8076f53a7ddfc01f916a0,Boss AC,"Cape Verde, São Vicente Island, Mindelo","Singer-Songwriter, Hip Hop",EMI,Person,FALSE,unknown,unknown,unknown
11834,56d7f4be53a7ddfc01f8fac8,All Saints,"England, London","Hip Hop, Dance, R&B, Urban Contemporary","London Records, Parlophone",Group,FALSE,1993,unknown,unknown
11734,56d7ef6b56847be81b3e8c5f,Afrika Bambaataa,"United States, New York, The Bronx","Hip Hop, Electro",Boo-Hooray Records,Person,FALSE,1957-04-19,unknown,Male
11110,56d8249a53a7ddfc01f940b6,Dwele,"United States, Michigan, Detroit","Jazz, Neo Soul, R&B, Soul","Virgin Records, E1 Music",Person,FALSE,1978-02-14,unknown,Male
10324,56d8223e53a7ddfc01f93d21,Don Choa,France,Hip Hop,Sony BMG,Person,FALSE,1974,unknown,Male
10200,56d806c053a7ddfc01f91592,Bocafloja,"Mexico, Mexico City","Hip Hop, Spoken Word","Nomadic Sound System, Quilomboarte",unknown,FALSE,unknown,unknown,unknown
10193,56d805aa53a7ddfc01f91425,Blu Cantrell,"United States, Rhode Island, Providence","R&B, Soul",Arista,Person,FALSE,1976-10-01,unknown,Female
9507,56d7efc256847be81b3e8d0d,Agnes,"Sweden, Västergötland, Vänersborg","Pop, Dance, R&B, Electropop","Ariola, Columbia, Roxy Recordings",Person,FALSE,1988-03-06,unknown,Female
9448,56d7ef8756847be81b3e8c69,Afrob,"Germany, Baden-Württemberg, Stuttgart",Hip Hop,Four Music,Person,FALSE,1977-08-01,unknown,Male
9315,56d8187753a7ddfc01f92eb4,Da Weasel,"Portugal, Setúbal, Almada","Hip Hop, Rock",EMI,Group,TRUE,1993,2010-12-09,unknown
9240,56d8094253a7ddfc01f9198a,Brotha Lynch Hung,"United States, California, Sacramento","Hip Hop, Horrorcore, Underground Hip Hop",Strange Music,Person,FALSE,1969-01-10,unknown,Male
9197,56d7fdf153a7ddfc01f90932,B-Real,"United States, California, South Gate",Hip Hop,Columbia,Person,FALSE,1970-06-02,unknown,Male
9053,56d7eac926a8a3040c6869cb,Aaron Neville,"United States, Louisiana, New Orleans","R&B, Soul, Gospel",A&M Records,Person,FALSE,1941-01-24,unknown,Male
8874,56d803b953a7ddfc01f91161,Billy Preston,"United States, Texas, Houston","Funk, Gospel, R&B, Rock, Soul","A&M Records, Apple Records, Buddah Records, Capitol Records, Motown, Vee-Jay Records",Person,TRUE,1946-09-02,2006-06-06,Male
8574,56d7fc0b53a7ddfc01f9065e,Aston Merrygold,"England, Cambridgeshire, Peterborough",R&B,Epic Records,Person,FALSE,1988-02-13,unknown,Male
8295,56d8191553a7ddfc01f92faf,Dan Le Sac Vs Scroobius Pip,"England, Essex, Stanford-le-Hope","Electronic, Hip Hop",Lex Records,Group,TRUE,2007,2014-09,unknown
7974,56d8136a53a7ddfc01f92728,Clawfinger,Sweden,"Crossover, Rap Metal","Nuclear Blast, Supersonic, WEA",Group,TRUE,1989,2013-08-24,unknown
7894,56d8223453a7ddfc01f93d0a,Don And Juan,"United States, New York, Brooklyn","Singer-Songwriter, Pop, Soul, R&B, Vocal","Twirl Records, Big Top Records, Collectables",Group,FALSE,unknown,unknown,unknown
7593,56d80b0953a7ddfc01f91c02,Cab Calloway,"United States, New York, Rochester","Jazz, Scat, Swing, R&B, Soul, Big Band, Trad Jazz, Vocal Jazz","Columbia, Proper Records, RCA Victor",Person,TRUE,1907-12-25,1994-11-18,Male
6425,56d7ef4b56847be81b3e8c21,Aer,"United States, Massachusetts, Wayland",Hip Hop,NA,Group,FALSE,unknown,unknown,unknown
6292,56d7f4e353a7ddfc01f8fb14,Allen Toussaint,"United States, Louisiana, New Orleans","R&B, Soul, Jazz, Funk, Blues","RCA Victor, Reprise Records, Elektra, Warner Bros. Records, Nonesuch",Person,TRUE,1938-01-14,2015-11-10,Male
6215,56d809bf53a7ddfc01f91a33,Buck 65,"Canada, Nova Scotia, Mount Uniacke","Hip Hop, Rock",Warner Music Canada,Person,FALSE,1972-03-04,unknown,Male
6105,56d814ef53a7ddfc01f92976,Con Funk Shun,"United States, California, Vallejo","Funk, R&B, Soul",Mercury Records,Group,FALSE,unknown,unknown,unknown
6075,56d81e4b53a7ddfc01f93747,Derek Minor,"United States, Michigan, Pontiac","Christian Hip Hop‎, Hip Hop","Christlike Entertainment, Reflection Music Group, Reach Records",Person,FALSE,1983-12-16,unknown,Male
5948,56d8184653a7ddfc01f92e46,D-Bo,"Germany, Berlin, Berlin",Hip Hop,"ersguterjunge, Wolfpack Entertainment",Person,FALSE,1978-06-06,unknown,Male
5824,56d820be53a7ddfc01f93aa0,Dispatch,"United States, Vermont, Middlebury","Jam Band, Indie Folk, Roots Rock, Reggae, Rap Rock, Ska",Universal Records,Group,FALSE,1996,unknown,unknown
5810,56d7ee8656847be81b3e8ad8,Active Member,"Greece, Attica, Athens",Hip Hop,"Warner Bros. Records, Freestyle Productions",Group,FALSE,1992-06-20,unknown,unknown
5748,56d826bb53a7ddfc01f94380,El DeBarge,"United States, Michigan, Grand Rapids","R&B, Pop, Soul","Gordy, Motown, Warner Bros. Records, Interscope Records",Person,FALSE,1961-06-04,unknown,Male
5538,56d7fb9153a7ddfc01f905a5,ASD,Germany,Hip Hop,Capitol Records,Group,FALSE,unknown,unknown,unknown
5428,56d8099e53a7ddfc01f91a16,Brädi,"Finland, Päijänne Tavastia, Lahti",Hip Hop,Rähinä Records,Person,FALSE,1979-04-09,unknown,Male
5401,56d8035d53a7ddfc01f910fa,Bill Wyman,"England, London, Lewisham","Rock, Rock 'N' Roll, Swing, R&B, Jazz, Blues, Skiffle","Koch Records, Rolling Stones Records, BMG",Person,FALSE,1936-10-24,unknown,Male
5399,56d8052a53a7ddfc01f91373,Bligg,"Switzerland, Zurich, Schwamendingen",Hip Hop,"Universal Music, Nation Music",Person,FALSE,1976-09-30,unknown,Male
5236,56d81a8753a7ddfc01f931ea,Daryl Hall,"United States, Pennsylvania, Pottstown","Rock, R&B, Soul","Atlantic Records, RCA Records, Epic Records, Arista",Person,FALSE,1946-10-11,unknown,Male
5151,56d8164e53a7ddfc01f92b6d,Cr7z,Germany,Hip Hop,58muzik,unknown,FALSE,unknown,unknown,unknown
5110,56d8073453a7ddfc01f91648,Booker T. & The MG's,"United States, Tennessee, Memphis","Blues, R&B, Soul, Instrumental Rock","Atlantic Records, Stax Records, Volt Records",Group,FALSE,1962,unknown,unknown
5019,56d82b8c53a7ddfc01f94a0d,Evol Intent,"United States, Georgia, Atlanta","Drum And Bass, Dubstep, Hip Hop, IDM",Renegade Hardware,Group,FALSE,2000,unknown,unknown
4987,56d81ba553a7ddfc01f93369,David Ruffin,"United States, Mississippi, Whynot",R&B,Motown,Person,TRUE,1941-01-18,1991-06-01,Male
4940,56d81a9453a7ddfc01f93202,Das Bo,"Germany, Hamburg, Hamburg",Hip Hop,Yo Mama's Recording,Person,FALSE,1976,unknown,unknown
4871,56d804aa53a7ddfc01f9129e,Black Thought,"United States, Pennsylvania, Philadelphia",Hip Hop,NA,Person,FALSE,1971-10-03,unknown,Male
4797,56d7fc0b53a7ddfc01f9065a,Aste,"Finland, Kymenlaakso, Kouvola",Hip Hop,"Löyly-Viihde, Warner Music Group",Person,FALSE,1985-06-24,unknown,Male
4770,56d81dcb53a7ddfc01f93681,Deltron 3030,"United States, California","Avant-garde, Hip Hop",75 Ark,Group,FALSE,2000,unknown,unknown
4697,56d8085f53a7ddfc01f91818,Brenda Russell,"United States, New York, Brooklyn","Adult Contemporary, Jazz, R&B, Soul, Soul","A&M Records, EMI, Hidden Beach, Warner Bros. Records",Person,FALSE,1949-04-08,unknown,Female
4629,56d8177153a7ddfc01f92d12,Crystal Waters,"United States, Pennsylvania, Philadelphia","Singer-Songwriter, House, Contemporary R&B",Mercury Records,Person,FALSE,1964-10-10,unknown,Female
4619,56d804af53a7ddfc01f912ab,Black Violin,"United States, Florida","Classical, Hip Hop",Independent,Group,FALSE,2004,unknown,unknown
4610,56d7ef6356847be81b3e8c4b,Afgan,"Indonesia, Jakarta","Nu Jazz, Pop, R&B",NA,unknown,FALSE,unknown,unknown,unknown
4558,56d7f42753a7ddfc01f8f9ed,Ali,"United States, Missouri, St. Louis",Hip Hop,"Derrty Entertainment, Universal Records",Person,FALSE,1971-07-13,unknown,Male
4372,56d8214153a7ddfc01f93b8c,DJ Logic,"United States, New York, The Bronx",Hip Hop,"Relix Records, Ropeadope Records",Person,FALSE,1972,unknown,Male
4329,56d7e9b76b60c09814f93f46,A Taste Of Honey,"United States, California, Los Angeles","R&B, Disco, Adult Contemporary","One Way Records, Capitol Records",Group,TRUE,1971,1982,unknown
4325,56d8257a53a7ddfc01f941df,Ed Drewett,"England, Essex, Harlow","R&B, Pop",Virgin,Person,FALSE,1988-04-01,unknown,Male
4302,56d81d7153a7ddfc01f935f6,Def Con Dos,"Spain, Madrid","Nu Metal, Rap Metal, Rap Rock, Rapcore",Strawberry Hardcore,Group,FALSE,1989,unknown,unknown
4254,56d806ea53a7ddfc01f915e1,Bomfunk MC's,Finland,"Hip Hop, Breakbeat",Epidrome,Group,FALSE,1997,unknown,unknown
4161,56d80e6853a7ddfc01f9212a,Ces Cru,"United States, Missouri, Kansas City",Hip Hop,Strange Music,Group,FALSE,unknown,unknown,unknown
4098,56d81d0553a7ddfc01f93540,DeBarge,"United States, Michigan, Grand Rapids","R&B, Soul","Gordy, Motown",Group,TRUE,1979,1989,unknown
3937,56d81da653a7ddfc01f9364a,Delegation,England,"Funk, Soul, R&B",Epic Records,Group,TRUE,1975,1999,unknown
3792,56d80c2a53a7ddfc01f91da7,Capicua,"Portugal, Porto, Porto",Hip Hop,NA,unknown,FALSE,unknown,unknown,unknown
3729,56d7ff6053a7ddfc01f90b5c,Barbara Moleko,"Denmark, Region Hovedstaden‎, Copenhagen","Pop, Soul, R&B",Sony Music,Person,FALSE,1987,unknown,Female
3617,56d81b0153a7ddfc01f9329e,"David ""Honeyboy"" Edwards","United States, Mississippi, Shaw","Blues, Delta Blues, Jazz, R&B, Soul, Folk","Folkways Records, Blue Horizon, Epic Records, Earwig Music, Testament Records",Person,TRUE,1915-06-28,2011-08-29,Male
3485,56d805a853a7ddfc01f91421,Blu,"United States, California, San Pedro",Hip Hop,NA,Person,FALSE,1983-04-15,unknown,Male
3324,56d8195053a7ddfc01f93010,Danforth,"France, Île-de-France, Paris","Hardcore Punk, Rapcore",Deadlight Entertainment,Group,FALSE,2003,unknown,unknown
3288,56d81f7c53a7ddfc01f938fb,Die Firma,"Germany, North Rhine-Westphalia, Cologne",Hip Hop,"LaCosaMia, V2 Records",Group,FALSE,1996,unknown,unknown
3187,56d804a153a7ddfc01f91291,Black Sheep,"United States, New York, Queens",Hip Hop,Mercury Records,Group,FALSE,2002-10,unknown,unknown
3130,56d8195553a7ddfc01f9301e,Dangerkids,"United States, Ohio, Dayton","Rap Metal, Post-Hardcore, Electronicore, Metalcore, Nu Metal",Rise Records,Group,FALSE,2012-05,unknown,unknown
3037,56d80a8353a7ddfc01f91b53,Busdriver,"United States, California, Los Angeles","Hip Hop, Experimental","Epitaph Records, ANTI-, Mush Records, Fake Four Inc.",Person,FALSE,1978-02-12,unknown,Male
2877,56d8223253a7ddfc01f93d05,Domo Genesis,"United States, California, Los Angeles",Alternative Hip Hop,NA,Person,FALSE,1991-03-09,unknown,Male
2784,56d7feb153a7ddfc01f90a44,Bahamadia,"United States, Pennsylvania, Philadelphia","Hip Hop, Jazz","Chrysalis Records, E1 Music",Person,FALSE,1970,unknown,Female
2742,56d8231d53a7ddfc01f93e68,Down AKA Kilo,"United States, California, Oxnard",Hip Hop,NA,Person,FALSE,1985-01-13,unknown,unknown
2715,56d8132d53a7ddfc01f926c6,"Clarence ""Gatemouth"" Brown","United States, Louisiana, Vinton","Blues, Cajun, Country, R&B, Soul, Southern Rock, Swing","Aladdin Records, Alligator Records, Black And Blue, Chess Records, Orbis, Peacock Records, P-Vine Special, Rounder Records",Person,TRUE,1924-04-18,2005-09-10,Male
2677,56d7fb7653a7ddfc01f9056d,Aryay,United States,"Electronic, Hip Hop",OWSLA,Person,FALSE,unknown,unknown,Male
2642,56d8023e53a7ddfc01f90f76,Bettye LaVette,"United States, Michigan, Muskegon","Blues, Soul, R&B","Atlantic Records, Motown, ANTI-",Person,FALSE,1946-01-29,unknown,Female
2577,56d7eec856847be81b3e8b30,Adam Tensta,"Sweden, Stockholm, Tensta",Hip Hop,K-Werks,Person,FALSE,1983-08-01,unknown,Male
2574,56d7fc6653a7ddfc01f906e6,ATL,"United States, Georgia, Atlanta","Hip Hop, R&B",Sony Music Entertainment,Group,FALSE,unknown,unknown,unknown
2445,56d82b8353a7ddfc01f949f4,Evil Nine,"England, East Sussex, Brighton","Breakbeat, House, Hip Hop","For Lovers, Marine Parade",Group,FALSE,1998,unknown,unknown
2414,56d7fc1a53a7ddfc01f90680,Astronautalis,"United States, Florida, Jacksonville","Alternative Hip Hop, Indie Rock","Eyeball Records, Fake Four Inc.",Person,FALSE,1981-12-13,unknown,Male
2318,56d8222d53a7ddfc01f93cfb,Domino,"United States, Missouri, St. Louis",Hip Hop,"Def Jam Recordings, Columbia, MCA Records, Thump Records",Person,FALSE,unknown,unknown,Female
2290,56d8043153a7ddfc01f911fc,Bizzy Bone,"United States, Ohio, Columbus","Midwest Rap, Hip Hop","Ruthless Records, Relativity Records, Epic Records, Thump Records, Virgin Records, Sumerian Records",Person,FALSE,1976-09-12,unknown,Male
2288,56d811bd53a7ddfc01f92572,Christopher Jackson,"United States, New York, New York City","Ballad, Pop, R&B",Yellow Sound Label,unknown,FALSE,unknown,unknown,unknown
2279,56d817fa53a7ddfc01f92dd8,CYNE,"United States, Florida, Gainesville",Hip Hop,"Hometapes, City Centre Offices",Group,FALSE,2000,unknown,unknown
2257,56d7e9f46b60c09814f93fd2,Aaradhna,"New Zealand, Porirua","Pop, R&B, Soul",Dawn Raid Entertainment,Person,FALSE,1983-12-20,unknown,Female
2246,56d80e5553a7ddfc01f92101,Centr,"Russia, Moscow",Hip Hop,Монолит,Group,FALSE,2003,unknown,unknown
2221,56d7fe4153a7ddfc01f90996,Baby Blue (UK),"England, London","Hip Hop, R&B, Soul",Universal Records,unknown,FALSE,unknown,unknown,unknown
2160,56d823a953a7ddfc01f93f1b,Dream (US),"United States, California, Los Angeles","Pop, R&B","Warner Music Group, Bad Boy Entertainment",Group,TRUE,1998,2016-10-05,unknown
2138,56d81f1253a7ddfc01f93859,Diabolic (US-NY),"United States, New York, Long Island",Hip Hop,Viper Records,Person,FALSE,unknown,unknown,Male
2130,56d825ac53a7ddfc01f94238,Eddie Murphy,"United States, New York, Brooklyn","Comedy, R&B",Columbia,Person,FALSE,1961-04-03,unknown,Male
2104,56d8137b53a7ddfc01f9274e,Clement Marfo & The Frontline,"England, London","Hip Hop, Rock, Grime",Warner Music Group,unknown,FALSE,unknown,unknown,unknown
2081,56d80b4653a7ddfc01f91c5d,Cage (DE),"United States, New York, Middletown","Rock, Alternative Rock, Hip Hop","Columbia, Fondle 'Em Records, Definitive Jux",Person,FALSE,1973-05-04,unknown,Male
2061,56d81e2f53a7ddfc01f93716,Denyo,"Germany, Hamburg, Hamburg",Hip Hop,Universal Music,Person,FALSE,1977,unknown,Male
1912,56d7feb153a7ddfc01f90a43,Baha Men,"The Bahamas, Nassau","World Music, Junkanoo, Dance, Pop, Reggae Fusion, Reggae, Soca, Hip Hop, Pop-Rap","EMI, Rough Trade, S-Curve Records, Sony Music Entertainment",Group,FALSE,1991,unknown,unknown
1900,56d7f59053a7ddfc01f8fc38,Amanda Marshall,"Canada, Ontario, Toronto","Adult Contemporary, R&B",NA,Person,FALSE,1972-08-29,unknown,Female
1884,56d7f75853a7ddfc01f8ff14,Andrew Huang,"Canada, Ontario, Toronto","Hip Hop, Electronic, Pop",Independent,Person,FALSE,unknown,unknown,Male
1858,56d8051253a7ddfc01f91341,Blaze Ya Dead Homie,"United States, Michigan, Romeo",Hip Hop,Psychopathic Recordings,Person,FALSE,1976-04-27,unknown,Male
1826,56d8289553a7ddfc01f945bd,Emile Haynie,"United States, New York, Buffalo","Hip Hop, Pop",Interscope Records,Person,FALSE,1980-07-13,unknown,Male
1788,56d7f5af53a7ddfc01f8fc88,Amber,"The Netherlands, Gelderland, Ubbergen","Eurodance, House, R&B, Pop Rock",Tommy Boy,Person,FALSE,1969-05-09,unknown,Female
1688,56d8187c53a7ddfc01f92ebf,Da' T.R.U.T.H.,"United States, Pennsylvania, Philadelphia","Christian Hip Hop, Urban Contemporary Gospel",Cross Movement Records,Person,FALSE,1977-12-15,unknown,Male
1677,56d82ca853a7ddfc01f94ba6,Falconshield,"Sweden, Västerbotten, Umeå","Heavy Metal, Hip Hop, Parody",NA,unknown,FALSE,unknown,unknown,unknown
1652,56d8195053a7ddfc01f93011,Dane Rumble,"New Zealand, Auckland","Rock, Pop, Hip Hop",Warner Bros. Records,Person,FALSE,unknown,unknown,unknown
1614,56d7fe2e53a7ddfc01f90971,B5,"United States, Florida, St. Petersburg",R&B,"Bad Boy Records, Motown",Group,FALSE,unknown,unknown,unknown
1596,56d8225253a7ddfc01f93d3c,Don Johnson Big Band,"Finland, Uusimaa, Helsinki","Hip Hop, Jazz","Beat Black, Universal Music",Group,FALSE,unknown,unknown,unknown
1567,56d8259d53a7ddfc01f9421d,Eddie Hazel,"United States, New York, Brooklyn","Funk, Soul, R&B","P-Vine Records, Warner Bros. Records",Person,TRUE,1950-04-10,1992-12-23,Male
1506,56d81f7f53a7ddfc01f938fd,Die Goldenen Zitronen,"Germany, Hamburg, Hamburg","Alternative Rock, Experimental Rock, Hip Hop, Indie Rock, New Wave, Punk Rock, Singer-Songwriter","Vielklang, Buback, Weser Label, Cooking Vinyl",Group,FALSE,1984,unknown,unknown
1504,56d82bed53a7ddfc01f94aab,Eyedea & Abilities,"United States, Minnesota, Saint Paul",Hip Hop,Epitaph Records,Group,TRUE,1999,2010-10-16,unknown
1456,56d8073453a7ddfc01f91645,Booker T. Jones,"United States, Tennessee, Memphis","Soul, R&B, Blues, Instrumental Rock","Epic Records, A&M Records",Person,FALSE,1944-11-12,unknown,Male
1418,56d80f0e53a7ddfc01f92208,Charles Hamilton,"United States, Ohio, Cleveland",Hip Hop,"Turn First Records, Republic Records",Person,FALSE,1987-11-10,unknown,Male
1389,56d813e453a7ddfc01f927c1,Clouddead,"United States, Ohio, Cincinnati","Experimental, Hip Hop","Mush Records, Big Dada Records",Group,TRUE,1999,2004,unknown
1387,56d802c253a7ddfc01f9102f,Big Grams,United States,Experimental Hip Hop,Epic Records,Group,FALSE,2015,unknown,unknown
1385,56d807f453a7ddfc01f9176b,Brainpower,"The Netherlands, South Holland, Alphen aan den Rijn",Hip Hop,"Black Star Foundation, EMI, Lyric Recordings",Person,FALSE,1975-02-05,unknown,Male
1372,56d80f9d53a7ddfc01f922cd,Chebaleba,"Finland, Uusimaa, Helsinki",Hip Hop,"Löyly-Viihde, Monsp Records",Person,FALSE,1987-01-30,unknown,Male
1333,56d8292153a7ddfc01f94695,Endo,"United States, Florida, Miami","Alternative Metal, Nu Metal, Post-Grunge, Rap Metal",Columbia,Group,TRUE,1998,2007,unknown
1311,56d805df53a7ddfc01f91487,Blueprint,"United States, Ohio, Columbus",Hip Hop,Weightless Recordings,Person,FALSE,unknown,unknown,Male
1268,56d80f9253a7ddfc01f922c2,Che'Nelle,"Malaysia, Kota Kinabalu","Pop, R&B, Hip Hop",EMI,Person,FALSE,1983-03-10,unknown,Female
1233,56d7f08d56847be81b3e8e32,Akrobatik,"United States, Massachusetts, Boston",Hip Hop,"Definitive Jux, Fat Beats Records, Rawkus",Person,FALSE,unknown,unknown,Male
1204,56d80c5653a7ddfc01f91df8,Caput,"Germany, North Rhine-Westphalia, Iserlohn",Hip Hop,Optik Records,unknown,FALSE,unknown,unknown,unknown
1197,56d80f0d53a7ddfc01f92203,Charles Brown,"United States, Texas, Texas City","Blues, Texas Blues, R&B, Soul, Soul Blues, Rock, Blues Rock, Blues, Soul Jazz","Aladdin Records, King Records, EMI, Route 66",Person,TRUE,1922-09-13,1999-01-21,Male
1197,56d812a153a7ddfc01f925e4,Cidinho & Doca,"Brazil, Rio de Janeiro, Rio de Janeiro","Funk Carioca, Hip Hop",Spotlight Records,Group,FALSE,unknown,unknown,unknown
1149,56d7eb2e26a8a3040c686a7a,ABK,"United States, Michigan, Detroit",Hip Hop,Native World Inc.,Person,FALSE,1973-06-26,unknown,Male
1126,56d822fc53a7ddfc01f93e21,Double,"Japan, Niigata","J-Pop, R&B",For Life Records,Group,FALSE,1998-02-04,unknown,unknown
1056,56d8295053a7ddfc01f946cd,Enkelschreck,Germany,Hip Hop,NA,unknown,FALSE,unknown,unknown,unknown
1029,56d8254b53a7ddfc01f941be,Ebony Vox,"Brazil, Rio de Janeiro","Soul, R&B",Columbia,unknown,FALSE,unknown,unknown,unknown
1023,56d80bfd53a7ddfc01f91d6b,Candyman,"United States, California, Los Angeles",Hip Hop,Epic Records,Person,FALSE,unknown,unknown,unknown
958,56d7f6f953a7ddfc01f8fe92,Anders Osborne,"Sweden, Bohuslän, Uddevalla","Blues, Rock, R&B","Alligator Records, OKeh, Shanachie",Person,FALSE,1966-05-04,unknown,Male
941,56d8092e53a7ddfc01f9196b,Brook Benton,"United States, South Carolina, Lugoff","Gospel, Pop, R&B, Singer-Songwriter, Soul","Mercury Records, Cotillion Records, RCA Records",Person,TRUE,1931-09-19,1988-04-09,Male
928,56d8264553a7ddfc01f942ed,Eevil Stöö,"Finland, Uusimaa, Helsinki","Hip Hop, Gangsta Rap","Fjuu Records, Monsp Records",Person,FALSE,unknown,unknown,Male
922,56d8219a53a7ddfc01f93c47,DMC,United States,Hip Hop,Romen Mpire,Person,FALSE,1964-05-31,unknown,Male
914,56d8110f53a7ddfc01f92452,Chris Clark,"United States, California, Santa Cruz","Soul, R&B","Motown, Weed",Person,FALSE,1946-02-01,unknown,Female
910,56d8195453a7ddfc01f93019,Danger Doom,United States,Hip Hop,"Epitaph Records, Lex Records",Group,FALSE,unknown,unknown,unknown
899,56d8213f53a7ddfc01f93b84,DJ Laz,"United States, Florida, Hollywood","Hip Hop, Reggaeton",Pandisc Records,Person,FALSE,1990,unknown,unknown
870,56d7fb6c53a7ddfc01f90556,Artists Stand Up To Cancer,United States,"Pop, Hip Hop",Island Def Jam Music Group,unknown,FALSE,unknown,unknown,unknown
834,56d7f80d53a7ddfc01f9000b,Angela Bofill,"United States, New York, The Bronx","R&B, Jazz, Dance","Arista, Capitol Records, Jive Records, Shanachie",Person,FALSE,1954-05-02,unknown,Female
813,56d7f63553a7ddfc01f8fd62,Amos Milburn,"United States, Texas, Houston","Blues, R&B, Boogie Woogie, Jump Blues","Aladdin Records, Bear Family Records",Person,TRUE,1927-04-01,1980-01-03,Male
791,56d802d153a7ddfc01f9104a,Big Maybelle,"United States, Tennessee, Jackson","R&B, Blues, Gospel, East Coast Blues","Savoy Records, OKeh, Brunswick, Chess Records, Epic Records, Charly Records",Person,TRUE,1924-05-01,1972-01-23,Female
778,56d8046853a7ddfc01f91253,Black Knights,"United States, California, Long Beach",Hip Hop,"Loud Records, Wu-Tang Records",Group,FALSE,unknown,unknown,unknown
772,56d8206b53a7ddfc01f93a30,Dirty,"United States, Alabama, Montgomery",Hip Hop,Universal Records,Group,FALSE,unknown,unknown,unknown
767,56d7e9246b60c09814f93e65,A Broken Silence,"Australia, New South Wales, Sydney","Alternative Rock, Hip Hop",Death Row Records,unknown,FALSE,unknown,unknown,unknown
752,56d7fe4453a7ddfc01f9099c,Baby D,"United States, Georgia, Atlanta",Hip Hop,Big Oomp Records,Person,FALSE,1984-11-05,unknown,Male
722,56d8005553a7ddfc01f90cc6,Beatfabrik,"Germany, Berlin, Berlin",Hip Hop,Mikrokosmos,Group,FALSE,unknown,unknown,unknown
708,56d7ffea53a7ddfc01f90c2b,Bastian,"The Netherlands, North Holland, Amsterdam","Hip Hop, Electronic","Supertracks, DJ Therapy",Person,FALSE,1974-07-17,unknown,Male
688,56d802da53a7ddfc01f9105b,Big Pokey,"United States, Texas, Houston",Southern Hip Hop,NA,Person,FALSE,1977-12-04,unknown,Male
670,56d8239553a7ddfc01f93ef7,Drama,"United States, Alabama, Sylacauga",Hip Hop,Atlantic Records,Person,FALSE,1981-12-26,unknown,Male
661,56d7fe1c53a7ddfc01f90959,B.G. The Prince Of Rap,"United States, Washington, D.C.","Hip Hop, Eurodance","Dance Pool, Epic Records",Person,FALSE,unknown,unknown,unknown
659,56d7f81353a7ddfc01f9001f,Angela Winbush,"United States, Missouri, St. Louis",R&B,"Elektra, Hip-O, Island Records, Mercury Records",Person,FALSE,1955-01-28,unknown,Female
653,56d813b953a7ddfc01f92775,Clifton Chenier,"United States, Louisiana, Opelousas","Cajun, R&B, Swamp Blues, Zydeco",Arhoolie Records,Person,TRUE,1925-06-25,1987-12-12,Male
651,56d7f6f953a7ddfc01f8fe8f,Anderson East,"United States, Alabama, Athens","R&B, Pop",Elektra,Person,FALSE,1987,unknown,Male
650,56d8010753a7ddfc01f90dae,Belle Epoque,"France, Île-de-France, Paris","Pop, Disco, R&B",Carrere Records,Group,FALSE,unknown,unknown,unknown
631,56d802c753a7ddfc01f91037,Big Jay McNeely,"United States, California, Los Angeles","Jump Blues, West Coast Blues, Jazz Blues, R&B",JSP Records,Person,FALSE,1927-04-29,unknown,Male
630,56d824ba53a7ddfc01f940c7,Dyke And The Blazers,"United States, New York, Buffalo","R&B, Funk",Original Sound,Group,FALSE,1965,unknown,unknown
623,56d7eb3226a8a3040c686a81,ABN,Belgium,Hip Hop,ARS Productions Records,Group,FALSE,1997,unknown,unknown
591,56d7fedc53a7ddfc01f90aa2,Bambu,"United States, California, Los Angeles",Hip Hop,Beatrock Music,Person,FALSE,unknown,unknown,Male
588,56d8051553a7ddfc01f91346,Blazin' Squad,"England, London","Pop, Hip Hop",EastWest,Group,TRUE,2002,2006,unknown
587,56d82bea53a7ddfc01f94aa2,Eyedea,"United States, Minnesota, Saint Paul",Hip Hop,Rhymesayers Entertainment,Person,TRUE,1981-11-09,2010-10-17,Male
568,56d8066653a7ddfc01f9151c,Bob Rum,"Brazil, Rio de Janeiro","Funk Melody, Funk Carioca, Pop-Rap","Som Livre, Spotlight Records",unknown,FALSE,unknown,unknown,unknown
567,56d7f77953a7ddfc01f8ff4b,André 3000,"United States, Georgia, Atlanta","Funk, Hip Hop, Soul","GOOD Music, LaFace",Person,FALSE,1975-05-27,unknown,Male
552,56d823ac53a7ddfc01f93f21,Dream Street,"United States, New York","Pop, R&B",Columbia,Group,TRUE,2000,2002,unknown
529,56d7fe4353a7ddfc01f9099b,Baby Boy Da Prince,"United States, Louisiana, New Orleans",Hip Hop,Universal Republic,Person,FALSE,1986,unknown,Male
528,56d7f61053a7ddfc01f8fd07,AMG,"United States, New York, Brooklyn",Hip Hop,Getti Records,Person,FALSE,1970-09-29,unknown,Male
504,56d7f03a56847be81b3e8dcf,Aivovuoto,"Finland, Uusimaa, Helsinki",Hip Hop,NA,unknown,FALSE,unknown,unknown,unknown
463,56d8177b53a7ddfc01f92d26,Cuban Link,"Cuba, La Habana, Havana","Hip Hop, Latin Hip Hop, Gangsta Rap, Reggaeton","Terror Squad, Atlantic Records",Person,FALSE,1974-12-18,unknown,Male
456,56d805a253a7ddfc01f91415,Blowfly,"United States, Georgia, Cochran","Funk, R&B, Soul, Parody, Comedy, Proto Rap, Hip Hop","Pandisc Records, Weird World",Person,TRUE,1939-02-14,2016-01-17,Male
444,56d8246d53a7ddfc01f9405f,Dungeon Family,United States,Hip Hop,Arista,Group,FALSE,unknown,unknown,unknown
430,56d7ff3153a7ddfc01f90b12,Bangs,"Australia, Victoria‎, Melbourne‎",Hip Hop,Independent,Person,FALSE,1990-09-28,unknown,Male
409,56d80eaa53a7ddfc01f92178,Chalie Boy,"United States, Texas",Hip Hop,Dirty 3rd Records,Person,FALSE,1979-10-13,unknown,Male
356,56d8241353a7ddfc01f93fdd,DSGB,"United States, Georgia",Southern Hip Hop,Universal Records,Group,FALSE,unknown,unknown,unknown
350,56d7f09456847be81b3e8e40,Al Anderson,"United States, Connecticut, Windsor","Country, Rock, R&B, Boogie","AAM Records, Imprint Records, Legacy, Rykodisc, Vanguard Records",Person,FALSE,unknown,unknown,Male
304,56d7e9e36b60c09814f93faa,A.L.T.,"United States, California, El Monte",Hip Hop,Atco Records,Person,FALSE,1970-05-17,unknown,Male
304,56d8104953a7ddfc01f923b5,China (FR),France,"Jazz, R&B, Soul, Pop",Source,Person,FALSE,1978-01-09,unknown,Female
296,56d7fe4453a7ddfc01f9099f,Baby DC,"United States, California, Oakland",Hip Hop,Jive Records,Person,FALSE,unknown,unknown,unknown
288,56d822dc53a7ddfc01f93df2,Doris Troy,"United States, New York, The Bronx",R&B,"Apple Records, Atlantic Records, People Records",Person,TRUE,1937-01-06,2004-02-16,Female
286,56d7f42153a7ddfc01f8f9dc,Algebra,"United States, Georgia, Atlanta","R&B, Neo Soul",BBE,Person,FALSE,1976,unknown,Female
272,56d80d8853a7ddfc01f91fc1,Cassie Taylor,"United States, Colorado, Boulder","Blues, Rock, R&B, Jazz","Yellow Dog Records, Hypertension, Ruf Records",Person,FALSE,1986,unknown,Female
268,56d800ec53a7ddfc01f90d83,Beldina,"Sweden, Stockholm, Stockholm","Pop, Soul, R&B",Farplane,Person,FALSE,1988,unknown,Female
264,56d803eb53a7ddfc01f91198,Bionic Jive,"United States, Arizona, Phoenix","Heavy Metal, Rap Metal, Rapcore, Nu Metal",Interscope Records,Group,FALSE,1998,unknown,unknown
258,56d8031653a7ddfc01f910bd,Bill Doggett,"United States, Pennsylvania, Philadelphia","Jazz, Blues, R&B",King Records,Person,TRUE,1916-02-16,1996-11-13,Male
252,56d8126d53a7ddfc01f925ae,Chuck Willis,"United States, Georgia, Atlanta","Blues, R&B, Rock 'N' Roll","Atlantic Records, OKeh",Person,TRUE,1928-01-31,1958-04-10,Male
240,56d7f0a956847be81b3e8e5f,Al Hudson,"United States, Michigan, Detroit","R&B, Funk, Soul",MCA Records,unknown,FALSE,unknown,unknown,unknown
229,56d7f04856847be81b3e8dea,Ak'Sent,"United States, California, Los Angeles","Hip Hop, R&B","Capitol Records, Avex Trax",unknown,FALSE,unknown,unknown,unknown
224,56d7fd8053a7ddfc01f90896,Awol One & Daddy Kev,"United States, California",Hip Hop,Alpha Pup Records,unknown,FALSE,unknown,unknown,unknown
215,56d7fe4d53a7ddfc01f909b2,Babydoll,"United States, Georgia, Atlanta",R&B,NA,unknown,FALSE,unknown,unknown,unknown
215,56d8266653a7ddfc01f94330,Eino Antiwäkki,"Finland, Uusimaa, Järvenpää",Hip Hop,Skill Street Entertainment,Person,FALSE,1984,unknown,Male
209,56d8248153a7ddfc01f94089,Duster Bennett,"Wales, Powys, Welshpool","Blues, R&B, Electric Blues, Soul","Indigo Recordings, Blue Horizon",Person,TRUE,1946-09-23,1976-03-26,Male
206,56d8144d53a7ddfc01f92864,Cognito,NA,Hip Hop,Strange Music,Person,FALSE,unknown,unknown,Male
202,56d7fd7453a7ddfc01f90878,Awa,"Sweden, Stockholm","Soul, Pop, R&B",Sony Music,unknown,FALSE,unknown,unknown,unknown
182,56d8002453a7ddfc01f90c73,Baze,"Switzerland, Berne, Berne",Hip Hop,"Chlyklass Records, Nation Music",Person,FALSE,1980-04,unknown,Male
181,56d8210c53a7ddfc01f93b46,DJ Envy,"United States, New York, Queens",Hip Hop,"Desert Storm Records, Koch Records",Person,FALSE,1977-09-03,unknown,Male
179,56d802ce53a7ddfc01f91041,Big Kuntry King,"United States, Georgia, Atlanta",Hip Hop,Grand Hustle Records,Person,FALSE,1978,unknown,Male
177,56d8031c53a7ddfc01f910cf,Bill Johnson,"United States, Georgia, Augusta","Soul, R&B",Sun Record Company,Person,FALSE,1932-10-16,unknown,Male
135,56d7ef8556847be81b3e8c67,Afro-Rican,"United States, Florida, Miami","Hip Hop, Miami Bass","Suntown Records, Hip Rock Records",Group,FALSE,unknown,unknown,unknown
118,56d7f08056847be81b3e8e1c,Akir,"United States, New York, Buffalo","Hip Hop, Political Hip Hop","Viper Records, Babygrande Records, Koch Records",Person,FALSE,unknown,unknown,Male
102,56d8188f53a7ddfc01f92ee7,DaForce,"United States, California, Lancaster","Hip Hop, Experimental",Unknown Source Music,Person,FALSE,1977-11-09,unknown,Male
98,56d8116153a7ddfc01f924dd,Chris Ward,"United States, Texas, Houston",Hip Hop,Mobb Style Entertainment,Person,FALSE,unknown,unknown,Male
95,56d7fe2953a7ddfc01f90966,B.V.S.M.P.,"United States, Florida, Miami",Pop-Rap,BCM Records,Group,FALSE,unknown,unknown,unknown
94,56d8136e53a7ddfc01f92730,Clayborne Family,"United States, New York, The Bronx",Hip Hop,Number 6 Records,Group,FALSE,2002,unknown,unknown
87,56d80afb53a7ddfc01f91beb,C.J. Chenier,"United States, Texas, Port Arthur","Cajun, R&B, Swamp Blues, Zydeco",Alligator Records,Person,FALSE,1957-09-28,unknown,Male
85,56d8035f53a7ddfc01f91101,Billie Davis,"England, Surrey, Woking","Pop, Pop Rock, Soul, R&B","Decca Records, Columbia, United Artists Records, Philips, RCA Victor",Person,FALSE,1945-12-22,unknown,Female
84,56d8258d53a7ddfc01f94200,"Eddie ""Cleanhead"" Vinson","United States, Texas, Houston","Bebop, Jump Blues, Jazz, R&B","King Records, Black And Blue, Official Records",Person,TRUE,1917-12-18,1988-07-02,Male
82,56d81e5e53a7ddfc01f93765,Desdamona,"United States, Iowa, Mount Pleasant","Hip Hop, Soul, Indie, Spoken Word",Zlink Entertainment,Person,FALSE,unknown,unknown,Female
75,56d7fe4e53a7ddfc01f909b4,Baby Washington,"United States, South Carolina, Bamberg","R&B, Soul","Chess Records, Ace Records",Person,FALSE,1940-11-13,unknown,Female
73,56d811ac53a7ddfc01f92556,Christión,United States,R&B,NA,Group,FALSE,unknown,unknown,unknown
69,56d8085453a7ddfc01f91810,Brenda & The Tabulations,"United States, Pennsylvania, Philadelphia",R&B,Shout! Records,Group,TRUE,1966,unknown,unknown
68,56d7fa8053a7ddfc01f90405,Are,"Finland, Central Finland, Jyväskylä",Hip Hop,Skill Street Entertainment,Person,FALSE,unknown,unknown,Male
64,56d8228553a7ddfc01f93d8b,Donna Allen,"United States, Florida, Key West","R&B, New Jack Swing","Atlantic Records, Epic Records",Person,FALSE,unknown,unknown,Female
57,56d80a1753a7ddfc01f91abd,Bull Moose Jackson,"United States, Ohio, Cleveland","Blues, R&B, Dirty Blues","Bogus Records, Charly Records, King Records",Person,TRUE,1919-04-22,1989-07-31,Male
57,56d80b2153a7ddfc01f91c32,Cadillac Don & J-Money,"United States, Mississippi, Crawford",Hip Hop,Asylum Records,unknown,FALSE,unknown,unknown,unknown
55,56d8175553a7ddfc01f92cf1,Cryptacize,"United States, California, Oakland","Pop, Flamenco, R&B, Art Rock",Asthmatic Kitty,Group,FALSE,unknown,unknown,unknown
55,56d82c1353a7ddfc01f94ad9,F.R.,"Germany, Lower Saxony, Braunschweig",Hip Hop,"DEAG Music, Rec.On Entertainment",Person,FALSE,1990-01-19,unknown,Male
51,56d7f63553a7ddfc01f8fd60,Amos Garrett,"Canada, Ontario, Toronto","Blues, Pop, Jazz, R&B, Rock","Stony Plain Records, Dreamsville Records",Person,FALSE,1941-11-26,unknown,Male
51,56d802c053a7ddfc01f91028,Big Geminii,"United States, Texas, Dallas",Hip Hop,NA,unknown,FALSE,unknown,unknown,unknown
50,56d8258453a7ddfc01f941f6,Ed O.G. & Da Bulldogs,"United States, Massachusetts, Boston",Hip Hop,Direct Records,Group,FALSE,unknown,unknown,unknown
49,56d7fbc053a7ddfc01f90600,Ashok,England,"Funk, Jazz, Hip Hop",Filthy Lucre,unknown,FALSE,unknown,unknown,unknown
48,56d82b0653a7ddfc01f94934,Eumir Deodato,"Brazil, Rio de Janeiro, Rio de Janeiro","Singer-Songwriter, Brazilian, Bossa Nova, Jazz, Jazz-Funk, Pop, R&B","CTI Records, MCA Records, Mercury Records, Warner Music Group, Atlantic Records, Fontana",Person,FALSE,1943-06-22,unknown,Male
46,56d7f89b53a7ddfc01f90111,Ann Cole,"United States, New Jersey, Newark","Soul, R&B, Gospel",MGM Records,Person,TRUE,1934-01-24,1986-11,Female
46,56d816cf53a7ddfc01f92c34,Crips,"United States, California, Los Angeles",Hip Hop,NA,Group,FALSE,unknown,unknown,unknown
44,56d8016e53a7ddfc01f90e3f,Benjamin Blower,England,"Folk, Hip Hop",Independent,unknown,FALSE,unknown,unknown,unknown
43,56d8127053a7ddfc01f925b6,Chuck D,"United States, New York, Roosevelt",Hip Hop,Mercury Records,Person,FALSE,1960-08-01,unknown,Male
43,56d81f5d53a7ddfc01f938cd,Dicks On Fire,Germany,"Hip Hop, Rap Metal, Crossover",RARE,Group,FALSE,unknown,unknown,unknown
35,56d8127853a7ddfc01f925bf,Chunk,"United States, California, San Francisco","Hip Hop, Gangsta Rap",Tandem Records,unknown,FALSE,unknown,unknown,unknown
35,56d8258453a7ddfc01f941f5,Ed O.G.,"United States, Massachusetts, Roxbury",Hip Hop,"Mercury Records, PolyGram, Fat Beats Records, Duck Down Records",Person,FALSE,1970-11-27,unknown,Male
32,56d81d1a53a7ddfc01f9356b,Debra Arlyn,"United States, Oregon, Portland","Pop, Rock, R&B, Soul",Home Slice Music,unknown,FALSE,unknown,unknown,unknown
28,56d8154453a7ddfc01f929dd,Conscious Youths,Finland,Hip Hop,"Virgin Records, EMI",Group,FALSE,unknown,unknown,unknown
25,56d7ff4e53a7ddfc01f90b40,Barbara George,"United States, Louisiana, New Orleans",R&B,Ripete Records,Person,TRUE,1942-08-16,2006-08-10,Female
19,56d802df53a7ddfc01f91062,Big Scoob,"United States, Missouri, Kansas City","Hip Hop, Underground Hip Hop",Strange Music,Person,FALSE,unknown,unknown,Male
18,56d7effb56847be81b3e8d5a,Ahmad,"United States, California, Los Angeles",Hip Hop,Reprise Records,Person,FALSE,1975-10-12,unknown,Male
18,56d8210c53a7ddfc01f93b4a,DJ Envy & Red Café,United States,Hip Hop,Koch Records,unknown,FALSE,unknown,unknown,unknown
15,56d8214053a7ddfc01f93b88,DJ Kayslay & Greg Street,United States,Hip Hop,Koch Records,unknown,FALSE,unknown,unknown,unknown
14,56d805e853a7ddfc01f91496,Bluesology,"England, London, Pinner","Blues, R&B","Fontana, Polydor",Group,FALSE,unknown,unknown,unknown
14,56d80d5c53a7ddfc01f91f8d,Cash Money & Marvelous,"United States, Pennsylvania, Philadelphia",Hip Hop,Five Day Weekend,Group,FALSE,unknown,unknown,unknown
14,56d81e5053a7ddfc01f9374e,Derty,NA,Hip Hop,NA,unknown,FALSE,unknown,unknown,unknown
13,56d80b8e53a7ddfc01f91cd1,Calvin Boze,"United States, Texas, Trinity County","Blues, R&B, Jump Blues","Route 66, Oldies 45",Person,TRUE,1916-10-15,1970-06,Male
12,56d80e2e53a7ddfc01f920c7,Celi Bee,"United States, New York",R&B,Essential Media Group,Person,FALSE,unknown,unknown,Female
10,56d7fa8653a7ddfc01f9040e,Arecee,"United States, Iowa",Underground Hip Hop,NA,unknown,FALSE,unknown,unknown,unknown
10,56d8072b53a7ddfc01f91636,Boo & Gotti,"United States, Illinois, Chicago","Hip Hop, Midwest Rap","Cash Money Records, Universal Records",Group,TRUE,2001,2003,unknown
9,56d7fdf953a7ddfc01f90946,B.A.M.A.,United States,Southern Hip Hop,Hot Tracks,Group,FALSE,2004-07,unknown,unknown
9,56d8205953a7ddfc01f93a0f,Dipset,"United States, New York, Harlem",Hip Hop,Koch Records,Group,FALSE,2002,unknown,unknown
9,56d81e2a53a7ddfc01f93705,Denny Laine,"England, West Midlands, Birmingham","Rock 'N' Roll, Blues Rock, R&B, Jazz Fusion","Arista, Decca Records, EMI, Global Records, Griffin Records, President Records, Reprise Records, Takoma",Person,FALSE,1944-10-29,unknown,Male
9,56d81f7653a7ddfc01f938f4,Die Dumme Dänen,"Denmark, Region Hovedstaden, Copenhagen","Heavy Metal, Hip Hop",Sony BMG,Group,FALSE,2005,unknown,unknown
8,56d7effc56847be81b3e8d5d,Ahmaad Aspen,"The Bahamas, Grand Bahama, Freeport","Pop, R&B, Country, Hip Hop","Ahmaad Records, Music Kickup Records",Person,FALSE,1995-02-14,unknown,Male
6,56d7eafb26a8a3040c686a35,Abdullah (BR),"Brazil, Rio de Janeiro, Niterói","Singer-Songwriter, Pop, R&B, Soul, Brazilian, Funk Melody","Polydor, Continental",unknown,FALSE,unknown,unknown,unknown
6,56d818f353a7ddfc01f92f75,Damir,Canada,Hip Hop,BTS Music,Person,FALSE,unknown,unknown,unknown
6,56d8218753a7ddfc01f93c1c,DJ3,"United States, Indiana","Christian Hip Hop‎, Hip Hop",NA,unknown,FALSE,unknown,unknown,unknown
5,56d7e9446b60c09814f93ebf,A Gun Called Tension,"United States, Washington","Dancehall, Electronic, Hip Hop, Rock",Cold Crush,Group,FALSE,unknown,unknown,unknown
5,56d80b9153a7ddfc01f91cd9,Calvin Mackenzie,South Africa,"Pop, R&B, Dance",NA,Person,FALSE,1989-02-20,unknown,Male
5,56d8188453a7ddfc01f92ed6,Daddy-O,"United States, New York, Brooklyn","Singer-Songwriter, Hip Hop",Island Records,Person,FALSE,unknown,unknown,Male
3,56d80b9153a7ddfc01f91cd8,Calvin Crabtree,"United States, Indiana, Columbus","Pop, Gangsta Rap",NA,Person,FALSE,1983-08-08,unknown,Male
3,56d8187153a7ddfc01f92ea6,Da Monstar Mob,United States,Hip Hop,Wu International,unknown,FALSE,unknown,unknown,unknown
3,56d8195c53a7ddfc01f9302b,Dani Stevenson,"United States, Georgia, Atlanta","R&B, Hip Hop","Elektra, Universal Records",Person,FALSE,1980,unknown,Female
2,56d80ee453a7ddfc01f921f0,Charlene,"United States, California, Hollywood","Country, Pop, R&B","Motown, Prodigal",Group,FALSE,unknown,unknown,unknown
2,56d81cad53a7ddfc01f934ed,Dear Pricey,"Barbados, Saint Michael",Hip Hop,MoneyEntrè Music Group,Person,FALSE,1990-04-25,unknown,Male
1,56d80b8d53a7ddfc01f91cce,Calm,"United States, Colorado, Denver",Hip Hop,Dirty Laboratory,Group,FALSE,unknown,unknown,unknown
1,56d8219653a7ddfc01f93c3e,DM & Jemini,United States,Hip Hop,Lex Records,Person,FALSE,1977-07-29,unknown,Male
1,56d826c253a7ddfc01f94393,El Latino,Japan,Hip Hop,NA,Person,FALSE,unknown,unknown,unknown
0,56d817b153a7ddfc01f92d87,Curtis Dayne,"United States, New York, Manhattan","Techno, Dance, Hip Hop, R&B",Unknown Source Music,Person,FALSE,1978-11-10,unknown,Male
